customer_id,support_tickets_last_90d,app_logins_last_30d,email_open_rate,avg_support_csat
CUST00001,0,4,0.4,4.8
CUST00002,0,8,0.71,3.4
CUST00003,0,8,0.67,4.1
CUST00004,0,16,0.42,4.7
CUST00005,2,0,0.22,4.2
CUST00006,0,5,0.23,4.0
CUST00007,0,5,0.36,4.5
CUST00008,1,7,0.36,3.3
CUST00009,1,8,0.31,3.9
CUST00010,0,2,0.38,3.8
CUST00011,1,1,0.29,3.8
CUST00012,0,3,0.02,3.8
CUST00013,0,6,0.7,5.0
CUST00014,1,4,0.22,3.8
CUST00015,0,2,0.38,3.4
CUST00016,0,10,0.63,5.0
CUST00017,0,18,0.62,5.0
CUST00018,1,0,0.23,1.9
CUST00019,0,4,0.25,4.6
CUST00020,1,11,0.61,4.6
CUST00021,0,2,0.39,5.0
CUST00022,0,4,0.37,4.0
CUST00023,0,5,0.68,3.7
CUST00024,0,4,0.63,4.2
CUST00025,2,7,0.57,4.0
CUST00026,1,0,0.37,3.2
CUST00027,1,12,0.5,4.5
CUST00028,1,0,0.45,4.4
CUST00029,0,3,0.35,3.7
CUST00030,1,8,0.38,5.0
CUST00031,1,1,0.31,3.6
CUST00032,1,8,0.51,4.3
CUST00033,1,4,0.36,3.0
CUST00034,1,1,0.24,3.2
CUST00035,1,0,0.24,3.1
CUST00036,0,11,0.62,3.9
CUST00037,2,1,0.0,3.1
CUST00038,1,6,0.5,3.9
CUST00039,0,11,0.56,4.9
CUST00040,2,3,0.23,3.0
CUST00041,0,5,0.56,4.2
CUST00042,0,9,0.48,4.0
CUST00043,2,2,0.22,4.5
CUST00044,0,7,0.54,5.0
CUST00045,0,6,0.37,5.0
CUST00046,0,5,0.38,3.2
CUST00047,0,6,0.56,3.9
CUST00048,0,10,0.37,5.0
CUST00049,0,4,0.35,4.3
CUST00050,0,1,0.43,3.8
CUST00051,0,3,0.43,2.3
CUST00052,1,3,0.38,3.9
CUST00053,3,5,0.19,3.9
CUST00054,0,0,0.26,3.8
CUST00055,1,4,0.46,4.7
CUST00056,0,0,0.27,2.8
CUST00057,0,14,0.35,4.8
CUST00058,1,7,0.28,3.2
CUST00059,2,2,0.25,3.4
CUST00060,0,2,0.15,3.8
CUST00061,0,9,0.65,5.0
CUST00062,1,14,0.6,4.4
CUST00063,0,3,0.4,2.2
CUST00064,2,4,0.32,4.1
CUST00065,1,5,0.16,3.5
CUST00066,1,2,0.13,4.4
CUST00067,0,18,0.63,3.2
CUST00068,0,10,0.49,3.2
CUST00069,0,0,0.0,3.3
CUST00070,1,1,0.44,2.3
CUST00071,1,5,0.44,4.0
CUST00072,2,5,0.44,3.5
CUST00073,0,1,0.26,3.1
CUST00074,0,5,0.2,3.8
CUST00075,3,9,0.32,3.5
CUST00076,0,11,0.53,3.5
CUST00077,0,3,0.35,4.8
CUST00078,1,2,0.36,3.3
CUST00079,0,11,0.42,5.0
CUST00080,2,2,0.43,3.4
CUST00081,0,4,0.29,3.5
CUST00082,0,0,0.17,3.9
CUST00083,0,4,0.28,2.6
CUST00084,0,4,0.21,3.9
CUST00085,0,0,0.05,3.2
CUST00086,0,3,0.32,3.8
CUST00087,2,5,0.45,4.3
CUST00088,0,10,0.39,5.0
CUST00089,1,0,0.13,3.7
CUST00090,2,3,0.39,4.5
CUST00091,0,2,0.48,3.2
CUST00092,1,3,0.55,4.8
CUST00093,0,6,0.4,3.9
CUST00094,0,3,0.07,4.0
CUST00095,0,3,0.43,4.3
CUST00096,0,5,0.4,5.0
CUST00097,2,14,0.48,4.4
CUST00098,0,6,0.43,3.1
CUST00099,0,5,0.4,4.1
CUST00100,0,5,0.53,4.8
CUST00101,2,6,0.32,4.7
CUST00102,0,7,0.64,5.0
CUST00103,0,4,0.29,3.3
CUST00104,1,7,0.38,4.4
CUST00105,0,0,0.17,3.5
CUST00106,0,4,0.37,3.2
CUST00107,1,2,0.29,5.0
CUST00108,0,6,0.74,5.0
CUST00109,1,2,0.61,4.3
CUST00110,1,6,0.18,4.6
CUST00111,0,5,0.25,3.6
CUST00112,1,11,0.57,3.9
CUST00113,0,1,0.1,2.6
CUST00114,0,9,0.65,4.5
CUST00115,1,2,0.33,3.8
CUST00116,1,8,0.63,3.0
CUST00117,0,3,0.13,4.6
CUST00118,1,6,0.39,3.7
CUST00119,0,4,0.39,4.4
CUST00120,0,3,0.24,2.5
CUST00121,1,12,0.55,4.1
CUST00122,0,5,0.33,3.7
CUST00123,3,0,0.29,4.5
CUST00124,0,6,0.43,4.4
CUST00125,2,2,0.44,1.9
CUST00126,0,0,0.28,3.6
CUST00127,1,2,0.4,3.1
CUST00128,0,7,0.79,2.9
CUST00129,1,7,0.47,3.2
CUST00130,0,10,0.24,5.0
CUST00131,0,3,0.0,4.1
CUST00132,0,11,0.14,5.0
CUST00133,1,1,0.12,3.2
CUST00134,2,1,0.13,4.0
CUST00135,0,7,0.5,5.0
CUST00136,0,1,0.07,4.4
CUST00137,0,5,0.55,4.3
CUST00138,0,16,0.59,3.9
CUST00139,0,12,0.22,4.6
CUST00140,0,1,0.27,3.4
CUST00141,1,6,0.29,3.7
CUST00142,0,10,0.4,3.5
CUST00143,0,7,0.42,4.4
CUST00144,0,12,0.4,3.7
CUST00145,0,9,0.18,4.4
CUST00146,0,8,0.15,5.0
CUST00147,0,3,0.38,3.7
CUST00148,2,3,0.18,4.1
CUST00149,2,6,0.45,4.8
CUST00150,1,1,0.28,4.6
CUST00151,0,2,0.44,2.6
CUST00152,0,1,0.08,3.7
CUST00153,0,0,0.27,4.0
CUST00154,0,4,0.35,3.2
CUST00155,0,14,0.8,5.0
CUST00156,0,5,0.44,3.3
CUST00157,2,1,0.35,3.6
CUST00158,0,3,0.4,4.4
CUST00159,0,9,0.43,3.7
CUST00160,2,3,0.31,2.7
CUST00161,1,0,0.1,3.6
CUST00162,0,8,0.37,3.0
CUST00163,0,8,0.7,4.5
CUST00164,0,13,0.45,4.5
CUST00165,0,3,0.08,3.7
CUST00166,0,3,0.68,3.7
CUST00167,2,0,0.0,3.9
CUST00168,1,1,0.28,3.9
CUST00169,1,17,0.54,3.9
CUST00170,0,6,0.48,3.8
CUST00171,0,0,0.19,3.5
CUST00172,1,3,0.03,4.2
CUST00173,0,0,0.0,3.7
CUST00174,1,7,0.39,2.6
CUST00175,0,7,0.28,4.5
CUST00176,0,10,0.57,3.9
CUST00177,1,10,0.6,5.0
CUST00178,1,7,0.18,3.9
CUST00179,0,0,0.17,3.9
CUST00180,0,5,0.52,5.0
CUST00181,1,9,0.51,5.0
CUST00182,2,7,0.29,3.2
CUST00183,0,4,0.17,2.8
CUST00184,0,0,0.27,1.8
CUST00185,0,10,0.62,5.0
CUST00186,0,2,0.43,4.3
CUST00187,0,7,0.48,4.6
CUST00188,0,5,0.53,3.5
CUST00189,0,6,0.43,4.1
CUST00190,0,2,0.38,3.0
CUST00191,0,10,0.46,4.8
CUST00192,1,5,0.57,4.8
CUST00193,1,8,0.55,3.5
CUST00194,0,4,0.63,4.8
CUST00195,0,4,0.23,3.5
CUST00196,0,7,0.35,3.9
CUST00197,1,1,0.42,2.8
CUST00198,0,10,0.2,2.7
CUST00199,1,3,0.33,3.0
CUST00200,1,10,0.36,4.4
CUST00201,1,7,0.47,4.0
CUST00202,1,8,0.61,4.7
CUST00203,0,14,0.45,3.7
CUST00204,2,9,0.78,4.6
CUST00205,3,4,0.37,3.0
CUST00206,0,11,0.78,3.8
CUST00207,0,0,0.13,3.5
CUST00208,0,1,0.58,2.4
CUST00209,1,3,0.49,3.0
CUST00210,0,9,0.58,4.2
CUST00211,0,3,0.14,5.0
CUST00212,0,3,0.27,3.6
CUST00213,0,6,0.54,3.9
CUST00214,0,6,0.18,4.3
CUST00215,1,4,0.26,4.2
CUST00216,3,5,0.48,5.0
CUST00217,0,0,0.07,3.5
CUST00218,2,10,0.31,3.2
CUST00219,0,5,0.56,5.0
CUST00220,0,14,0.48,4.1
CUST00221,1,4,0.19,2.9
CUST00222,2,4,0.32,3.2
CUST00223,0,5,0.49,4.2
CUST00224,0,4,0.35,4.1
CUST00225,1,5,0.69,3.7
CUST00226,2,2,0.16,4.0
CUST00227,1,7,0.65,2.8
CUST00228,0,5,0.51,4.2
CUST00229,0,1,0.28,4.2
CUST00230,0,2,0.29,3.0
CUST00231,1,0,0.35,4.0
CUST00232,1,5,0.12,3.6
CUST00233,0,13,0.58,5.0
CUST00234,1,7,0.27,4.6
CUST00235,1,10,0.62,3.9
CUST00236,2,2,0.38,2.5
CUST00237,0,4,0.33,3.8
CUST00238,2,0,0.49,3.6
CUST00239,0,6,0.28,3.7
CUST00240,0,4,0.76,4.5
CUST00241,0,11,0.49,5.0
CUST00242,0,5,0.73,4.7
CUST00243,1,9,0.32,3.8
CUST00244,0,2,0.0,4.5
CUST00245,0,4,0.3,3.5
CUST00246,1,8,0.39,4.7
CUST00247,0,1,0.21,3.6
CUST00248,0,4,0.21,3.0
CUST00249,2,10,0.66,5.0
CUST00250,1,3,0.47,3.8
CUST00251,1,4,0.35,4.6
CUST00252,1,9,0.42,4.7
CUST00253,1,11,0.53,5.0
CUST00254,1,0,0.19,3.0
CUST00255,0,2,0.06,3.8
CUST00256,0,11,0.43,4.2
CUST00257,0,2,0.26,3.8
CUST00258,0,4,0.35,4.7
CUST00259,0,5,0.23,4.8
CUST00260,1,5,0.17,4.5
CUST00261,0,3,0.39,2.4
CUST00262,0,3,0.29,3.7
CUST00263,1,7,0.66,3.8
CUST00264,1,2,0.32,3.4
CUST00265,1,15,0.66,4.7
CUST00266,0,15,0.45,4.5
CUST00267,0,7,0.34,4.2
CUST00268,0,2,0.0,3.9
CUST00269,0,15,0.76,4.7
CUST00270,1,0,0.3,3.6
CUST00271,0,4,0.43,4.0
CUST00272,0,14,0.63,4.6
CUST00273,0,3,0.44,3.4
CUST00274,1,3,0.61,4.0
CUST00275,1,0,0.15,3.1
CUST00276,0,3,0.32,4.5
CUST00277,0,2,0.16,3.7
CUST00278,0,0,0.23,4.6
CUST00279,0,0,0.13,4.8
CUST00280,0,0,0.21,3.9
CUST00281,0,3,0.41,4.0
CUST00282,1,4,0.33,3.6
CUST00283,0,12,0.51,5.0
CUST00284,0,13,0.38,3.5
CUST00285,0,12,0.53,4.7
CUST00286,0,5,0.56,3.0
CUST00287,0,4,0.41,4.4
CUST00288,2,4,0.3,3.1
CUST00289,1,14,0.49,4.9
CUST00290,0,2,0.13,4.0
CUST00291,0,13,0.83,4.6
CUST00292,0,6,0.0,3.4
CUST00293,0,5,0.4,3.1
CUST00294,0,4,0.37,2.6
CUST00295,1,1,0.0,4.5
CUST00296,2,12,0.6,3.3
CUST00297,2,5,0.43,3.6
CUST00298,1,5,0.59,3.0
CUST00299,0,11,0.34,5.0
CUST00300,1,5,0.09,4.3
CUST00301,2,6,0.5,4.2
CUST00302,0,4,0.49,3.8
CUST00303,1,3,0.32,4.7
CUST00304,1,2,0.48,4.1
CUST00305,1,0,0.24,3.2
CUST00306,2,4,0.2,3.9
CUST00307,0,9,0.62,4.5
CUST00308,0,6,0.28,4.1
CUST00309,0,0,0.07,4.0
CUST00310,0,0,0.25,1.5
CUST00311,1,4,0.58,2.9
CUST00312,1,5,0.53,3.8
CUST00313,0,11,0.42,5.0
CUST00314,0,20,0.58,4.5
CUST00315,0,6,0.48,4.3
CUST00316,0,2,0.41,4.3
CUST00317,0,8,0.42,4.4
CUST00318,0,1,0.26,3.3
CUST00319,1,0,0.24,3.0
CUST00320,1,4,0.7,4.3
CUST00321,0,2,0.36,2.9
CUST00322,1,2,0.47,4.9
CUST00323,1,0,0.08,2.3
CUST00324,0,8,0.43,4.2
CUST00325,0,6,0.3,4.1
CUST00326,1,8,0.24,3.6
CUST00327,1,7,0.55,5.0
CUST00328,0,3,0.22,5.0
CUST00329,0,8,0.27,4.2
CUST00330,0,9,0.39,5.0
CUST00331,0,2,0.23,4.0
CUST00332,3,0,0.13,4.4
CUST00333,0,6,0.24,3.9
CUST00334,1,3,0.37,4.9
CUST00335,0,16,0.7,4.2
CUST00336,2,5,0.19,2.0
CUST00337,0,0,0.16,3.7
CUST00338,1,1,0.7,3.2
CUST00339,0,12,0.38,5.0
CUST00340,0,0,0.21,4.6
CUST00341,0,0,0.15,1.9
CUST00342,1,9,0.66,5.0
CUST00343,0,5,0.59,4.2
CUST00344,0,10,0.5,4.4
CUST00345,0,3,0.48,4.0
CUST00346,1,5,0.25,3.2
CUST00347,0,1,0.15,4.0
CUST00348,0,7,0.45,3.1
CUST00349,2,2,0.46,3.2
CUST00350,3,1,0.35,4.5
CUST00351,1,0,0.2,3.4
CUST00352,0,2,0.69,4.5
CUST00353,0,6,0.56,4.4
CUST00354,0,8,0.57,3.8
CUST00355,1,6,0.32,3.8
CUST00356,1,4,0.15,3.1
CUST00357,0,2,0.0,4.6
CUST00358,2,4,0.34,3.0
CUST00359,3,3,0.24,3.9
CUST00360,1,8,0.2,4.6
CUST00361,0,7,0.65,5.0
CUST00362,0,9,0.76,4.9
CUST00363,0,2,0.47,3.9
CUST00364,2,0,0.18,3.5
CUST00365,0,20,0.65,4.4
CUST00366,3,3,0.38,4.2
CUST00367,0,2,0.35,2.8
CUST00368,0,12,0.56,4.4
CUST00369,0,0,0.27,2.8
CUST00370,0,3,0.47,3.7
CUST00371,0,5,0.39,3.3
CUST00372,2,5,0.7,2.9
CUST00373,0,5,0.44,4.8
CUST00374,0,0,0.0,2.3
CUST00375,0,7,0.41,3.5
CUST00376,1,0,0.25,2.2
CUST00377,0,1,0.27,4.5
CUST00378,1,3,0.45,4.0
CUST00379,0,2,0.1,2.7
CUST00380,0,2,0.4,3.4
CUST00381,0,10,0.46,5.0
CUST00382,0,6,0.22,3.9
CUST00383,0,13,0.23,4.5
CUST00384,0,4,0.42,3.9
CUST00385,0,15,0.64,4.1
CUST00386,0,1,0.44,3.8
CUST00387,1,3,0.31,2.4
CUST00388,0,10,0.3,3.9
CUST00389,0,10,0.45,4.7
CUST00390,1,5,0.56,3.1
CUST00391,0,3,0.47,5.0
CUST00392,0,8,0.42,4.6
CUST00393,1,8,0.24,4.9
CUST00394,1,0,0.02,4.7
CUST00395,0,11,0.51,2.9
CUST00396,0,13,0.56,4.3
CUST00397,0,14,0.49,4.8
CUST00398,0,2,0.2,2.9
CUST00399,1,3,0.22,3.8
CUST00400,0,7,0.39,3.3
CUST00401,0,2,0.09,3.6
CUST00402,1,0,0.1,3.4
CUST00403,2,9,0.68,4.4
CUST00404,1,2,0.46,4.0
CUST00405,0,7,0.06,3.6
CUST00406,0,6,0.2,4.9
CUST00407,0,13,0.58,4.6
CUST00408,0,0,0.0,4.0
CUST00409,2,2,0.12,4.9
CUST00410,0,9,0.05,3.9
CUST00411,1,0,0.08,2.8
CUST00412,1,5,0.33,3.0
CUST00413,0,0,0.49,3.6
CUST00414,1,0,0.57,3.5
CUST00415,0,4,0.57,3.8
CUST00416,0,3,0.35,4.1
CUST00417,0,16,0.5,5.0
CUST00418,2,6,0.55,4.2
CUST00419,0,3,0.52,3.6
CUST00420,0,13,0.61,4.9
CUST00421,0,5,0.46,2.9
CUST00422,1,3,0.46,4.9
CUST00423,0,4,0.22,3.5
CUST00424,0,4,0.29,3.2
CUST00425,2,5,0.21,4.6
CUST00426,0,12,0.51,5.0
CUST00427,0,17,0.29,4.7
CUST00428,2,0,0.19,2.1
CUST00429,0,2,0.21,3.6
CUST00430,0,4,0.37,2.5
CUST00431,1,0,0.29,3.6
CUST00432,1,5,0.55,4.1
CUST00433,0,14,0.53,5.0
CUST00434,0,6,0.91,3.7
CUST00435,1,4,0.53,3.9
CUST00436,0,3,0.16,5.0
CUST00437,0,3,0.35,4.8
CUST00438,2,0,0.35,3.7
CUST00439,1,2,0.42,4.5
CUST00440,0,5,0.33,3.2
CUST00441,0,0,0.11,3.9
CUST00442,0,6,0.37,5.0
CUST00443,0,1,0.55,3.4
CUST00444,2,4,0.3,2.1
CUST00445,2,7,0.38,4.7
CUST00446,1,2,0.44,3.4
CUST00447,2,1,0.21,2.5
CUST00448,2,0,0.31,3.5
CUST00449,0,3,0.28,3.6
CUST00450,1,1,0.34,3.3
CUST00451,2,5,0.47,4.2
CUST00452,0,9,0.35,4.6
CUST00453,1,8,0.35,4.6
CUST00454,1,3,0.45,4.2
CUST00455,0,2,0.35,5.0
CUST00456,0,11,0.47,3.9
CUST00457,0,4,0.35,4.5
CUST00458,1,1,0.38,4.3
CUST00459,2,0,0.35,3.0
CUST00460,1,6,0.22,4.2
CUST00461,0,8,0.45,5.0
CUST00462,0,4,0.52,3.9
CUST00463,0,2,0.48,3.7
CUST00464,0,6,0.19,4.1
CUST00465,2,0,0.4,4.8
CUST00466,0,5,0.46,3.7
CUST00467,2,9,0.33,4.0
CUST00468,1,0,0.37,3.9
CUST00469,0,3,0.19,4.1
CUST00470,1,11,0.42,5.0
CUST00471,1,1,0.36,3.7
CUST00472,0,7,0.2,4.3
CUST00473,1,1,0.16,3.1
CUST00474,1,2,0.44,3.8
CUST00475,0,0,0.41,4.1
CUST00476,0,1,0.29,3.5
CUST00477,1,2,0.22,3.7
CUST00478,4,8,0.54,3.5
CUST00479,1,6,0.39,3.3
CUST00480,0,12,0.46,4.3
CUST00481,0,0,0.37,3.5
CUST00482,0,1,0.38,4.7
CUST00483,0,2,0.31,4.7
CUST00484,1,6,0.53,5.0
CUST00485,0,6,0.32,4.9
CUST00486,1,4,0.46,2.9
CUST00487,0,20,0.46,4.1
CUST00488,1,0,0.09,3.6
CUST00489,2,1,0.0,1.8
CUST00490,0,6,0.36,2.8
CUST00491,1,3,0.46,3.7
CUST00492,1,1,0.05,3.8
CUST00493,0,13,0.44,4.5
CUST00494,0,14,0.57,3.9
CUST00495,1,2,0.34,4.0
CUST00496,1,0,0.31,4.4
CUST00497,1,3,0.38,4.4
CUST00498,0,1,0.13,3.2
CUST00499,0,13,0.39,3.9
CUST00500,1,1,0.2,5.0
CUST00501,0,8,0.27,4.8
CUST00502,0,9,0.35,4.0
CUST00503,0,3,0.13,4.0
CUST00504,3,0,0.23,3.0
CUST00505,1,0,0.25,2.8
CUST00506,1,7,0.09,4.2
CUST00507,0,0,0.34,3.1
CUST00508,0,9,0.59,4.4
CUST00509,0,15,0.36,4.7
CUST00510,1,0,0.16,3.8
CUST00511,0,16,0.55,5.0
CUST00512,1,1,0.3,4.3
CUST00513,0,5,0.51,4.9
CUST00514,0,5,0.27,3.5
CUST00515,1,9,0.58,4.8
CUST00516,0,4,0.21,3.6
CUST00517,0,4,0.66,3.7
CUST00518,0,3,0.44,3.7
CUST00519,1,2,0.44,3.9
CUST00520,1,15,0.34,4.3
CUST00521,1,13,0.44,4.5
CUST00522,1,2,0.1,3.8
CUST00523,0,1,0.09,3.7
CUST00524,0,2,0.7,4.1
CUST00525,3,1,0.34,3.0
CUST00526,1,2,0.3,4.1
CUST00527,2,0,0.18,3.7
CUST00528,0,9,0.4,2.4
CUST00529,0,3,0.4,5.0
CUST00530,1,7,0.35,3.7
CUST00531,0,2,0.13,3.4
CUST00532,0,7,0.44,3.9
CUST00533,1,8,0.5,3.8
CUST00534,0,8,0.58,4.5
CUST00535,0,2,0.39,3.8
CUST00536,0,5,0.44,3.5
CUST00537,1,0,0.06,2.6
CUST00538,0,3,0.42,2.5
CUST00539,0,7,0.53,3.8
CUST00540,0,3,0.33,4.4
CUST00541,0,3,0.39,3.7
CUST00542,0,11,0.25,5.0
CUST00543,0,4,0.15,4.3
CUST00544,1,13,0.52,4.6
CUST00545,2,5,0.59,3.9
CUST00546,1,2,0.52,5.0
CUST00547,2,1,0.3,3.8
CUST00548,0,12,0.56,2.9
CUST00549,0,15,0.52,5.0
CUST00550,0,7,0.45,2.7
CUST00551,1,4,0.34,3.8
CUST00552,1,1,0.39,4.4
CUST00553,0,12,0.5,4.0
CUST00554,0,4,0.35,3.4
CUST00555,1,1,0.31,2.2
CUST00556,0,12,0.57,4.9
CUST00557,0,0,0.02,3.8
CUST00558,1,5,0.51,2.5
CUST00559,0,8,0.22,4.4
CUST00560,1,0,0.25,4.0
CUST00561,0,7,0.29,4.2
CUST00562,2,0,0.37,3.7
CUST00563,1,0,0.1,3.6
CUST00564,0,10,0.56,4.3
CUST00565,0,3,0.16,5.0
CUST00566,0,1,0.37,3.4
CUST00567,0,2,0.27,3.6
CUST00568,2,3,0.25,3.3
CUST00569,0,13,0.37,4.9
CUST00570,3,1,0.3,3.7
CUST00571,1,11,0.36,5.0
CUST00572,2,0,0.03,4.0
CUST00573,1,3,0.24,3.7
CUST00574,1,7,0.72,3.9
CUST00575,1,1,0.2,3.7
CUST00576,2,6,0.18,4.5
CUST00577,0,3,0.43,4.1
CUST00578,1,4,0.3,4.0
CUST00579,1,7,0.48,3.2
CUST00580,2,7,0.51,5.0
CUST00581,0,2,0.37,3.8
CUST00582,0,3,0.28,3.9
CUST00583,0,2,0.28,3.6
CUST00584,3,4,0.21,2.9
CUST00585,0,3,0.1,3.5
CUST00586,0,3,0.6,3.2
CUST00587,2,4,0.38,3.6
CUST00588,0,2,0.21,3.2
CUST00589,0,2,0.23,4.1
CUST00590,0,6,0.51,4.0
CUST00591,1,18,0.68,4.1
CUST00592,0,3,0.38,3.8
CUST00593,2,1,0.32,3.3
CUST00594,0,5,0.36,3.7
CUST00595,0,0,0.0,2.5
CUST00596,0,7,0.36,4.5
CUST00597,0,9,0.13,3.5
CUST00598,0,4,0.58,3.7
CUST00599,0,7,0.29,4.0
CUST00600,0,8,0.42,4.5
CUST00601,0,13,0.58,4.8
CUST00602,0,10,0.7,5.0
CUST00603,1,4,0.24,3.5
CUST00604,1,4,0.5,3.0
CUST00605,0,6,0.38,3.1
CUST00606,0,5,0.45,5.0
CUST00607,1,1,0.48,4.1
CUST00608,0,6,0.27,4.3
CUST00609,1,12,0.5,4.4
CUST00610,1,5,0.41,3.0
CUST00611,1,11,0.57,3.3
CUST00612,0,6,0.36,4.9
CUST00613,1,8,0.63,3.6
CUST00614,0,6,0.5,4.5
CUST00615,0,7,0.36,3.2
CUST00616,0,14,0.65,5.0
CUST00617,1,6,0.45,5.0
CUST00618,0,2,0.47,3.5
CUST00619,0,0,0.28,5.0
CUST00620,1,1,0.47,4.1
CUST00621,0,4,0.21,4.8
CUST00622,0,9,0.52,3.5
CUST00623,0,0,0.54,3.6
CUST00624,0,0,0.02,3.0
CUST00625,0,16,0.3,3.8
CUST00626,2,9,0.64,5.0
CUST00627,1,7,0.17,3.1
CUST00628,0,0,0.0,2.5
CUST00629,0,2,0.54,3.3
CUST00630,1,3,0.32,5.0
CUST00631,0,8,0.45,5.0
CUST00632,0,1,0.09,3.7
CUST00633,1,3,0.44,3.2
CUST00634,0,2,0.38,4.1
CUST00635,1,2,0.18,4.0
CUST00636,0,14,0.33,5.0
CUST00637,1,4,0.21,4.0
CUST00638,2,3,0.55,3.4
CUST00639,0,1,0.31,3.6
CUST00640,0,13,0.38,2.7
CUST00641,0,0,0.27,3.9
CUST00642,0,10,0.28,3.6
CUST00643,1,4,0.63,4.4
CUST00644,1,6,0.61,3.6
CUST00645,0,5,0.25,2.1
CUST00646,1,16,0.54,4.6
CUST00647,1,4,0.3,3.6
CUST00648,0,0,0.22,4.5
CUST00649,2,4,0.1,4.3
CUST00650,1,3,0.52,3.8
CUST00651,0,5,0.51,4.4
CUST00652,0,7,0.6,5.0
CUST00653,0,15,0.49,4.8
CUST00654,1,4,0.25,2.8
CUST00655,0,7,0.57,4.7
CUST00656,2,0,0.44,4.2
CUST00657,0,3,0.23,3.1
CUST00658,1,4,0.41,5.0
CUST00659,0,6,0.31,3.5
CUST00660,1,1,0.16,3.9
CUST00661,0,7,0.6,4.5
CUST00662,0,0,0.22,2.8
CUST00663,1,2,0.44,3.4
CUST00664,1,4,0.32,3.3
CUST00665,0,8,0.4,5.0
CUST00666,0,0,0.35,3.0
CUST00667,0,1,0.44,3.5
CUST00668,0,1,0.41,5.0
CUST00669,3,5,0.34,4.2
CUST00670,3,3,0.45,4.7
CUST00671,0,11,0.67,4.3
CUST00672,0,0,0.09,3.5
CUST00673,0,0,0.14,3.5
CUST00674,2,16,0.36,5.0
CUST00675,1,9,0.63,4.5
CUST00676,1,1,0.57,4.3
CUST00677,1,1,0.17,3.1
CUST00678,0,0,0.25,4.3
CUST00679,2,9,0.69,4.9
CUST00680,0,9,0.43,4.2
CUST00681,0,3,0.33,3.2
CUST00682,0,0,0.23,3.4
CUST00683,1,0,0.11,4.2
CUST00684,0,1,0.19,3.9
CUST00685,2,1,0.3,3.4
CUST00686,0,0,0.18,3.4
CUST00687,1,2,0.25,3.5
CUST00688,0,3,0.28,4.2
CUST00689,0,0,0.15,3.2
CUST00690,1,4,0.2,2.6
CUST00691,2,4,0.32,4.6
CUST00692,0,12,0.32,5.0
CUST00693,0,7,0.14,3.5
CUST00694,0,2,0.36,4.2
CUST00695,0,4,0.25,4.0
CUST00696,2,0,0.19,3.8
CUST00697,0,1,0.24,3.4
CUST00698,1,10,0.57,4.6
CUST00699,1,13,0.39,4.4
CUST00700,1,3,0.43,4.2
CUST00701,0,7,0.48,5.0
CUST00702,3,5,0.16,5.0
CUST00703,2,0,0.64,4.1
CUST00704,0,0,0.01,2.3
CUST00705,1,0,0.13,3.5
CUST00706,0,11,0.05,4.0
CUST00707,0,3,0.39,4.2
CUST00708,1,7,0.35,4.8
CUST00709,1,10,0.67,4.6
CUST00710,0,7,0.32,4.3
CUST00711,0,5,0.49,5.0
CUST00712,0,4,0.47,3.8
CUST00713,1,3,0.24,4.1
CUST00714,1,0,0.22,3.7
CUST00715,0,0,0.19,2.5
CUST00716,1,12,0.63,3.8
CUST00717,1,3,0.21,4.3
CUST00718,0,13,0.52,4.0
CUST00719,0,8,0.46,4.2
CUST00720,1,2,0.47,3.2
CUST00721,0,2,0.4,3.0
CUST00722,0,7,0.59,4.7
CUST00723,0,0,0.05,3.5
CUST00724,0,8,0.21,3.2
CUST00725,1,4,0.33,3.4
CUST00726,0,8,0.28,4.3
CUST00727,1,4,0.65,4.2
CUST00728,0,9,0.6,3.5
CUST00729,1,1,0.23,4.4
CUST00730,2,6,0.33,3.3
CUST00731,1,2,0.49,3.3
CUST00732,1,5,0.71,2.7
CUST00733,0,1,0.22,4.4
CUST00734,1,2,0.26,4.0
CUST00735,0,7,0.18,4.2
CUST00736,1,11,0.42,4.6
CUST00737,0,3,0.24,4.0
CUST00738,0,12,0.77,5.0
CUST00739,0,5,0.28,4.7
CUST00740,0,2,0.27,2.8
CUST00741,2,2,0.2,3.4
CUST00742,0,4,0.54,3.0
CUST00743,0,1,0.55,3.9
CUST00744,1,5,0.21,5.0
CUST00745,1,5,0.3,4.3
CUST00746,0,8,0.41,3.9
CUST00747,0,3,0.28,4.8
CUST00748,0,1,0.28,3.5
CUST00749,1,6,0.42,4.5
CUST00750,0,2,0.25,2.3
CUST00751,1,4,0.2,4.0
CUST00752,1,5,0.47,4.7
CUST00753,0,0,0.33,4.0
CUST00754,1,8,0.45,4.0
CUST00755,1,7,0.53,4.4
CUST00756,0,1,0.59,3.9
CUST00757,1,3,0.68,5.0
CUST00758,0,1,0.25,2.7
CUST00759,2,5,0.54,3.8
CUST00760,0,1,0.31,3.7
CUST00761,0,1,0.24,4.2
CUST00762,0,1,0.28,3.8
CUST00763,0,3,0.25,3.4
CUST00764,1,0,0.0,3.5
CUST00765,3,0,0.42,3.5
CUST00766,0,2,0.0,3.3
CUST00767,0,12,0.38,5.0
CUST00768,1,2,0.25,3.6
CUST00769,2,6,0.3,3.9
CUST00770,2,4,0.44,4.2
CUST00771,0,13,0.55,3.7
CUST00772,0,6,0.51,4.2
CUST00773,0,3,0.31,3.0
CUST00774,0,5,0.33,3.0
CUST00775,1,1,0.23,4.1
CUST00776,0,11,0.58,3.4
CUST00777,0,10,0.53,3.6
CUST00778,1,4,0.3,3.7
CUST00779,0,0,0.25,4.1
CUST00780,1,9,0.59,5.0
CUST00781,0,3,0.2,4.7
CUST00782,1,5,0.14,2.1
CUST00783,2,0,0.0,4.5
CUST00784,1,6,0.15,4.7
CUST00785,1,6,0.27,5.0
CUST00786,1,4,0.36,4.1
CUST00787,1,9,0.69,4.8
CUST00788,0,2,0.38,3.1
CUST00789,0,16,0.48,3.6
CUST00790,0,1,0.0,2.3
CUST00791,0,3,0.34,4.1
CUST00792,0,4,0.3,2.4
CUST00793,1,3,0.26,4.8
CUST00794,0,3,0.53,2.3
CUST00795,0,7,0.49,3.4
CUST00796,1,0,0.0,4.0
CUST00797,0,5,0.36,3.5
CUST00798,3,3,0.37,3.2
CUST00799,0,1,0.16,2.5
CUST00800,0,6,0.32,4.3
CUST00801,1,5,0.69,4.9
CUST00802,0,9,0.1,5.0
CUST00803,0,6,0.34,3.6
CUST00804,1,3,0.29,4.2
CUST00805,0,6,0.4,4.3
CUST00806,1,1,0.41,3.3
CUST00807,0,9,0.5,5.0
CUST00808,1,3,0.49,3.7
CUST00809,2,9,0.32,2.7
CUST00810,1,2,0.58,3.9
CUST00811,1,0,0.0,3.8
CUST00812,1,6,0.69,4.4
CUST00813,0,6,0.44,5.0
CUST00814,1,11,0.58,4.1
CUST00815,0,2,0.14,3.7
CUST00816,3,0,0.55,3.7
CUST00817,0,0,0.21,3.4
CUST00818,0,9,0.66,5.0
CUST00819,1,4,0.8,5.0
CUST00820,0,4,0.1,4.3
CUST00821,0,1,0.17,4.2
CUST00822,0,2,0.44,2.0
CUST00823,2,0,0.17,3.6
CUST00824,3,2,0.24,3.8
CUST00825,0,6,0.47,4.8
CUST00826,0,6,0.53,3.3
CUST00827,0,13,0.48,5.0
CUST00828,0,5,0.6,4.2
CUST00829,1,8,0.7,4.4
CUST00830,0,0,0.26,3.2
CUST00831,0,0,0.09,2.1
CUST00832,0,7,0.24,4.7
CUST00833,0,12,0.49,5.0
CUST00834,1,1,0.21,3.2
CUST00835,0,14,0.38,3.6
CUST00836,1,11,0.21,5.0
CUST00837,0,3,0.49,3.7
CUST00838,0,1,0.43,3.2
CUST00839,1,3,0.35,4.7
CUST00840,1,5,0.35,5.0
CUST00841,0,5,0.45,5.0
CUST00842,0,9,0.47,3.6
CUST00843,2,3,0.34,2.1
CUST00844,0,19,0.51,5.0
CUST00845,1,2,0.45,4.0
CUST00846,0,10,0.39,4.5
CUST00847,2,0,0.29,3.3
CUST00848,0,9,0.49,4.3
CUST00849,0,6,0.41,3.5
CUST00850,0,3,0.31,3.3
CUST00851,0,6,0.29,3.2
CUST00852,0,6,0.39,4.4
CUST00853,0,12,0.51,5.0
CUST00854,1,0,0.39,4.4
CUST00855,2,3,0.33,4.1
CUST00856,0,0,0.03,4.2
CUST00857,0,5,0.13,3.4
CUST00858,1,11,0.56,4.4
CUST00859,1,0,0.08,4.1
CUST00860,0,6,0.58,4.5
CUST00861,1,5,0.29,3.3
CUST00862,0,1,0.48,3.9
CUST00863,1,14,0.54,5.0
CUST00864,1,3,0.65,3.7
CUST00865,0,3,0.05,4.9
CUST00866,1,0,0.4,5.0
CUST00867,0,4,0.1,3.9
CUST00868,0,4,0.26,3.2
CUST00869,0,2,0.06,3.3
CUST00870,0,6,0.43,5.0
CUST00871,0,9,0.5,5.0
CUST00872,0,7,0.44,3.8
CUST00873,1,7,0.45,4.8
CUST00874,0,5,0.47,4.0
CUST00875,0,0,0.3,2.5
CUST00876,0,2,0.45,4.2
CUST00877,0,1,0.41,5.0
CUST00878,0,5,0.27,4.2
CUST00879,0,5,0.41,4.0
CUST00880,0,0,0.38,3.1
CUST00881,0,4,0.5,2.3
CUST00882,0,7,0.71,4.8
CUST00883,2,2,0.16,4.0
CUST00884,0,12,0.38,3.4
CUST00885,0,8,0.69,4.8
CUST00886,1,6,0.43,3.4
CUST00887,0,4,0.5,4.3
CUST00888,1,2,0.39,4.2
CUST00889,1,6,0.18,4.4
CUST00890,4,0,0.23,3.5
CUST00891,0,7,0.23,3.7
CUST00892,1,1,0.25,3.3
CUST00893,0,4,0.44,4.0
CUST00894,0,0,0.41,3.2
CUST00895,0,3,0.37,4.7
CUST00896,1,6,0.54,3.2
CUST00897,0,2,0.51,4.4
CUST00898,0,7,0.42,3.1
CUST00899,1,0,0.13,2.9
CUST00900,1,0,0.12,3.0
CUST00901,0,1,0.18,3.5
CUST00902,1,4,0.27,4.5
CUST00903,0,8,0.21,3.2
CUST00904,0,1,0.19,3.6
CUST00905,0,5,0.5,3.2
CUST00906,0,2,0.27,2.6
CUST00907,0,13,0.11,4.0
CUST00908,1,0,0.18,2.8
CUST00909,1,4,0.35,4.0
CUST00910,1,2,0.28,3.4
CUST00911,1,13,0.7,4.2
CUST00912,0,11,0.58,3.7
CUST00913,0,10,0.48,4.6
CUST00914,0,2,0.0,3.8
CUST00915,0,4,0.41,4.9
CUST00916,1,0,0.19,2.9
CUST00917,1,2,0.27,2.3
CUST00918,1,5,0.33,3.4
CUST00919,0,0,0.0,4.4
CUST00920,0,11,0.7,4.8
CUST00921,0,6,0.21,5.0
CUST00922,0,7,0.52,4.7
CUST00923,0,2,0.23,3.9
CUST00924,0,6,0.66,4.4
CUST00925,1,2,0.2,3.4
CUST00926,0,3,0.36,4.4
CUST00927,0,6,0.41,3.9
CUST00928,0,2,0.39,3.1
CUST00929,0,3,0.44,5.0
CUST00930,0,3,0.17,4.1
CUST00931,0,3,0.36,4.4
CUST00932,1,3,0.24,4.3
CUST00933,0,16,0.53,4.3
CUST00934,1,4,0.37,2.7
CUST00935,1,2,0.1,3.4
CUST00936,2,4,0.35,3.8
CUST00937,0,5,0.24,3.9
CUST00938,0,4,0.55,4.0
CUST00939,2,7,0.78,4.2
CUST00940,0,4,0.19,5.0
CUST00941,2,3,0.31,4.4
CUST00942,0,1,0.13,3.3
CUST00943,0,12,0.37,4.5
CUST00944,0,6,0.3,3.9
CUST00945,1,4,0.46,4.6
CUST00946,0,13,0.58,4.3
CUST00947,1,0,0.02,3.5
CUST00948,0,2,0.33,3.3
CUST00949,0,6,0.3,3.3
CUST00950,0,4,0.53,3.3
CUST00951,0,6,0.37,3.6
CUST00952,0,8,0.44,4.4
CUST00953,0,8,0.61,5.0
CUST00954,2,1,0.09,3.4
CUST00955,0,4,0.14,3.0
CUST00956,1,6,0.3,4.4
CUST00957,2,8,0.15,3.8
CUST00958,2,1,0.19,2.5
CUST00959,0,7,0.22,4.2
CUST00960,4,7,0.27,2.9
CUST00961,0,0,0.1,3.2
CUST00962,0,4,0.27,3.3
CUST00963,0,2,0.41,4.4
CUST00964,0,4,0.33,2.9
CUST00965,1,0,0.2,4.1
CUST00966,0,5,0.52,4.7
CUST00967,0,13,0.59,4.6
CUST00968,0,4,0.59,5.0
CUST00969,0,10,0.45,4.3
CUST00970,2,1,0.14,3.7
CUST00971,0,10,0.54,4.5
CUST00972,0,1,0.2,2.6
CUST00973,0,1,0.41,5.0
CUST00974,0,5,0.28,4.1
CUST00975,1,2,0.29,5.0
CUST00976,0,1,0.57,3.7
CUST00977,0,14,0.57,4.3
CUST00978,1,9,0.61,4.2
CUST00979,0,1,0.36,4.1
CUST00980,1,2,0.27,5.0
CUST00981,1,9,0.57,4.2
CUST00982,1,9,0.6,4.9
CUST00983,0,10,0.26,2.6
CUST00984,0,1,0.39,3.0
CUST00985,1,13,0.6,3.7
CUST00986,0,5,0.53,4.7
CUST00987,0,2,0.42,5.0
CUST00988,0,9,0.51,3.8
CUST00989,0,2,0.17,4.4
CUST00990,2,3,0.2,4.9
CUST00991,1,2,0.42,4.1
CUST00992,0,0,0.26,2.5
CUST00993,0,2,0.33,3.5
CUST00994,0,5,0.49,4.0
CUST00995,1,2,0.22,3.4
CUST00996,1,11,0.36,4.0
CUST00997,0,4,0.24,3.8
CUST00998,1,1,0.04,3.5
CUST00999,0,7,0.36,2.8
CUST01000,0,0,0.42,3.9
CUST01001,1,0,0.22,3.8
CUST01002,1,7,0.38,4.7
CUST01003,0,0,0.11,2.9
CUST01004,1,3,0.24,4.1
CUST01005,0,0,0.4,2.7
CUST01006,3,6,0.36,4.7
CUST01007,0,5,0.44,3.3
CUST01008,0,3,0.57,2.9
CUST01009,1,3,0.09,1.6
CUST01010,2,5,0.21,4.3
CUST01011,1,10,0.53,3.3
CUST01012,0,3,0.55,4.8
CUST01013,1,6,0.52,3.9
CUST01014,2,0,0.12,2.9
CUST01015,1,4,0.0,3.1
CUST01016,1,3,0.26,4.1
CUST01017,0,1,0.01,4.0
CUST01018,2,1,0.33,3.9
CUST01019,0,4,0.39,5.0
CUST01020,0,0,0.07,3.8
CUST01021,0,1,0.47,3.7
CUST01022,1,1,0.3,3.7
CUST01023,1,7,0.45,3.6
CUST01024,0,1,0.46,4.8
CUST01025,0,11,0.24,3.8
CUST01026,0,3,0.35,3.8
CUST01027,1,5,0.46,3.8
CUST01028,0,2,0.41,3.6
CUST01029,0,3,0.43,3.8
CUST01030,3,7,0.51,4.1
CUST01031,1,4,0.4,4.6
CUST01032,0,5,0.22,4.0
CUST01033,0,0,0.26,3.3
CUST01034,0,11,0.49,3.5
CUST01035,0,3,0.32,3.6
CUST01036,0,16,0.84,4.0
CUST01037,1,5,0.44,4.2
CUST01038,0,0,0.15,1.7
CUST01039,0,0,0.02,4.0
CUST01040,1,8,0.44,4.4
CUST01041,1,7,0.34,3.4
CUST01042,0,1,0.31,4.0
CUST01043,0,7,0.05,3.4
CUST01044,0,8,0.41,4.8
CUST01045,1,7,0.57,2.7
CUST01046,0,4,0.27,5.0
CUST01047,0,1,0.36,4.2
CUST01048,2,2,0.21,3.1
CUST01049,0,0,0.49,3.1
CUST01050,0,2,0.25,4.0
CUST01051,0,1,0.27,4.2
CUST01052,3,0,0.21,3.2
CUST01053,0,3,0.28,4.9
CUST01054,0,2,0.53,4.6
CUST01055,0,3,0.32,4.1
CUST01056,1,4,0.48,5.0
CUST01057,1,0,0.5,3.6
CUST01058,0,4,0.23,3.5
CUST01059,2,1,0.27,4.3
CUST01060,0,5,0.19,3.4
CUST01061,1,0,0.02,3.6
CUST01062,0,0,0.36,2.5
CUST01063,0,3,0.48,3.7
CUST01064,0,10,0.43,5.0
CUST01065,0,3,0.18,3.1
CUST01066,0,5,0.26,4.7
CUST01067,0,11,0.63,4.5
CUST01068,1,0,0.07,3.9
CUST01069,0,3,0.37,3.1
CUST01070,1,5,0.07,3.8
CUST01071,0,5,0.63,4.9
CUST01072,0,4,0.52,3.0
CUST01073,2,0,0.33,3.7
CUST01074,0,3,0.41,3.9
CUST01075,1,0,0.03,3.1
CUST01076,0,7,0.54,4.2
CUST01077,1,5,0.13,4.8
CUST01078,0,10,0.59,4.3
CUST01079,0,1,0.34,3.2
CUST01080,1,2,0.21,3.1
CUST01081,0,10,0.39,3.8
CUST01082,1,4,0.49,4.0
CUST01083,1,3,0.03,2.8
CUST01084,1,4,0.4,5.0
CUST01085,0,0,0.12,3.7
CUST01086,0,9,0.49,4.7
CUST01087,1,0,0.1,2.8
CUST01088,0,10,0.67,4.4
CUST01089,0,6,0.3,4.0
CUST01090,0,7,0.27,3.5
CUST01091,0,8,0.31,4.4
CUST01092,0,3,0.1,3.7
CUST01093,2,0,0.36,2.4
CUST01094,1,0,0.0,3.7
CUST01095,0,0,0.16,3.3
CUST01096,1,2,0.28,3.2
CUST01097,0,4,0.44,3.4
CUST01098,0,3,0.51,4.6
CUST01099,0,8,0.25,4.3
CUST01100,0,8,0.32,4.2
CUST01101,1,4,0.3,4.3
CUST01102,0,7,0.42,2.6
CUST01103,0,10,0.36,5.0
CUST01104,0,8,0.13,4.4
CUST01105,0,8,0.42,3.7
CUST01106,1,0,0.33,4.0
CUST01107,1,2,0.56,3.9
CUST01108,1,2,0.31,3.5
CUST01109,0,1,0.29,3.7
CUST01110,0,0,0.16,4.7
CUST01111,0,9,0.25,5.0
CUST01112,0,12,0.44,3.6
CUST01113,0,1,0.32,3.9
CUST01114,0,7,0.41,4.5
CUST01115,0,6,0.48,4.7
CUST01116,0,4,0.36,4.7
CUST01117,1,2,0.6,3.6
CUST01118,1,1,0.29,4.9
CUST01119,0,0,0.55,4.7
CUST01120,1,0,0.25,4.5
CUST01121,1,12,0.53,5.0
CUST01122,1,2,0.15,4.6
CUST01123,0,0,0.31,3.1
CUST01124,0,0,0.1,2.4
CUST01125,0,9,0.67,4.2
CUST01126,1,8,0.46,5.0
CUST01127,0,13,0.4,4.2
CUST01128,1,3,0.15,4.3
CUST01129,2,1,0.37,4.3
CUST01130,0,0,0.42,4.0
CUST01131,2,6,0.64,4.2
CUST01132,1,4,0.46,4.1
CUST01133,0,5,0.32,4.4
CUST01134,0,9,0.18,4.7
CUST01135,1,1,0.29,4.6
CUST01136,1,6,0.35,3.6
CUST01137,1,2,0.37,2.2
CUST01138,0,4,0.44,4.0
CUST01139,2,7,0.29,4.9
CUST01140,0,3,0.39,4.5
CUST01141,0,2,0.55,4.5
CUST01142,0,17,0.61,4.6
CUST01143,1,9,0.4,4.6
CUST01144,0,8,0.81,3.8
CUST01145,0,2,0.02,3.9
CUST01146,1,0,0.3,2.6
CUST01147,1,3,0.45,4.6
CUST01148,0,8,0.43,3.6
CUST01149,4,0,0.17,3.2
CUST01150,1,3,0.48,4.5
CUST01151,0,3,0.49,2.2
CUST01152,0,9,0.69,4.5
CUST01153,1,4,0.2,3.1
CUST01154,2,1,0.39,4.1
CUST01155,0,6,0.51,2.6
CUST01156,0,7,0.31,5.0
CUST01157,0,0,0.16,3.5
CUST01158,0,4,0.33,2.9
CUST01159,0,12,0.7,2.9
CUST01160,0,2,0.28,2.6
CUST01161,1,9,0.53,5.0
CUST01162,1,7,0.5,4.0
CUST01163,0,0,0.41,3.1
CUST01164,1,3,0.44,3.4
CUST01165,0,0,0.06,2.8
CUST01166,1,15,0.55,4.7
CUST01167,2,7,0.35,3.5
CUST01168,0,3,0.28,4.0
CUST01169,0,5,0.47,3.6
CUST01170,0,3,0.19,4.2
CUST01171,0,0,0.0,3.0
CUST01172,1,0,0.41,3.5
CUST01173,0,7,0.17,4.1
CUST01174,1,5,0.45,3.4
CUST01175,0,6,0.5,3.3
CUST01176,0,2,0.38,3.3
CUST01177,0,7,0.41,3.4
CUST01178,1,5,0.32,4.2
CUST01179,1,3,0.22,2.9
CUST01180,1,2,0.29,3.7
CUST01181,1,2,0.16,3.3
CUST01182,0,4,0.54,3.8
CUST01183,0,0,0.22,4.4
CUST01184,0,11,0.68,5.0
CUST01185,1,4,0.29,4.8
CUST01186,1,6,0.48,3.9
CUST01187,0,8,0.62,4.2
CUST01188,0,6,0.44,4.6
CUST01189,1,2,0.2,4.1
CUST01190,0,4,0.24,3.6
CUST01191,1,0,0.22,3.8
CUST01192,0,2,0.26,2.5
CUST01193,1,1,0.74,4.2
CUST01194,0,1,0.51,3.5
CUST01195,0,8,0.61,5.0
CUST01196,2,2,0.32,3.9
CUST01197,2,0,0.14,2.0
CUST01198,1,1,0.16,4.0
CUST01199,0,4,0.33,3.8
CUST01200,1,5,0.13,3.1
CUST01201,0,3,0.39,2.8
CUST01202,0,2,0.15,4.0
CUST01203,0,3,0.22,3.9
CUST01204,1,0,0.34,3.8
CUST01205,2,3,0.03,3.2
CUST01206,0,9,0.36,3.3
CUST01207,0,5,0.48,5.0
CUST01208,0,4,0.44,3.6
CUST01209,0,10,0.6,4.3
CUST01210,0,11,0.27,5.0
CUST01211,0,6,0.52,4.3
CUST01212,0,0,0.24,3.6
CUST01213,0,11,0.43,5.0
CUST01214,0,6,0.44,4.5
CUST01215,0,14,0.46,2.8
CUST01216,1,3,0.25,3.0
CUST01217,0,6,0.36,3.8
CUST01218,1,11,0.53,3.7
CUST01219,0,11,0.29,3.7
CUST01220,0,0,0.23,3.1
CUST01221,0,2,0.51,3.1
CUST01222,0,12,0.5,4.9
CUST01223,0,13,0.61,4.7
CUST01224,0,6,0.55,3.6
CUST01225,0,2,0.3,3.8
CUST01226,0,1,0.33,3.0
CUST01227,0,8,0.59,5.0
CUST01228,0,2,0.43,4.2
CUST01229,0,10,0.53,4.4
CUST01230,1,0,0.23,3.8
CUST01231,2,0,0.2,3.3
CUST01232,1,5,0.36,4.4
CUST01233,1,2,0.35,3.6
CUST01234,0,3,0.43,4.3
CUST01235,1,1,0.17,2.9
CUST01236,0,9,0.52,4.9
CUST01237,1,13,0.44,4.5
CUST01238,0,0,0.3,3.8
CUST01239,0,7,0.29,3.6
CUST01240,2,3,0.49,4.4
CUST01241,1,0,0.45,3.6
CUST01242,0,0,0.13,2.7
CUST01243,0,1,0.21,3.7
CUST01244,0,1,0.22,3.9
CUST01245,2,0,0.16,2.7
CUST01246,3,4,0.31,4.6
CUST01247,0,0,0.21,4.3
CUST01248,0,6,0.54,3.5
CUST01249,1,3,0.18,3.0
CUST01250,0,0,0.27,4.9
CUST01251,1,9,0.74,4.9
CUST01252,1,1,0.45,4.2
CUST01253,1,4,0.62,4.2
CUST01254,0,5,0.34,4.5
CUST01255,0,12,0.65,4.9
CUST01256,2,2,0.05,4.0
CUST01257,0,10,0.73,5.0
CUST01258,0,4,0.36,3.9
CUST01259,0,14,0.77,5.0
CUST01260,0,0,0.34,3.2
CUST01261,0,8,0.69,5.0
CUST01262,0,2,0.37,4.2
CUST01263,2,2,0.11,2.2
CUST01264,0,4,0.47,5.0
CUST01265,0,5,0.61,3.8
CUST01266,2,5,0.5,4.6
CUST01267,0,3,0.46,4.3
CUST01268,0,7,0.42,5.0
CUST01269,0,16,0.49,4.0
CUST01270,1,8,0.57,3.2
CUST01271,0,2,0.26,4.5
CUST01272,1,6,0.26,5.0
CUST01273,2,2,0.31,5.0
CUST01274,0,1,0.22,3.9
CUST01275,2,0,0.49,3.8
CUST01276,2,6,0.42,3.9
CUST01277,1,4,0.28,4.6
CUST01278,1,0,0.16,3.3
CUST01279,1,2,0.16,3.5
CUST01280,1,3,0.32,3.5
CUST01281,0,2,0.52,2.5
CUST01282,0,9,0.45,4.4
CUST01283,0,2,0.67,5.0
CUST01284,2,2,0.46,4.1
CUST01285,1,4,0.42,4.2
CUST01286,0,0,0.32,3.6
CUST01287,0,9,0.52,4.5
CUST01288,2,3,0.25,3.7
CUST01289,1,11,0.54,4.4
CUST01290,1,2,0.35,3.5
CUST01291,1,1,0.43,4.7
CUST01292,0,3,0.12,2.5
CUST01293,1,7,0.14,3.9
CUST01294,3,3,0.37,5.0
CUST01295,0,5,0.4,4.3
CUST01296,0,4,0.04,5.0
CUST01297,0,13,0.45,4.4
CUST01298,1,1,0.11,4.5
CUST01299,0,4,0.42,2.8
CUST01300,1,6,0.26,3.6
CUST01301,1,1,0.69,4.0
CUST01302,1,6,0.35,4.6
CUST01303,0,9,0.16,4.6
CUST01304,0,15,0.79,5.0
CUST01305,0,3,0.09,4.0
CUST01306,1,2,0.17,3.4
CUST01307,1,0,0.22,3.3
CUST01308,0,12,0.58,4.8
CUST01309,0,3,0.4,3.5
CUST01310,0,13,0.84,4.4
CUST01311,0,8,0.41,4.1
CUST01312,0,0,0.14,2.7
CUST01313,1,7,0.12,4.3
CUST01314,2,5,0.21,2.7
CUST01315,1,9,0.29,5.0
CUST01316,0,5,0.08,4.8
CUST01317,0,7,0.39,4.0
CUST01318,0,0,0.08,5.0
CUST01319,0,8,0.42,4.3
CUST01320,0,4,0.34,4.1
CUST01321,0,14,0.55,5.0
CUST01322,1,1,0.26,3.4
CUST01323,0,2,0.2,4.8
CUST01324,2,5,0.22,4.7
CUST01325,1,8,0.48,3.8
CUST01326,0,6,0.52,5.0
CUST01327,0,3,0.49,3.1
CUST01328,0,4,0.45,2.2
CUST01329,1,2,0.4,2.4
CUST01330,4,2,0.43,4.0
CUST01331,1,5,0.32,4.5
CUST01332,0,9,0.26,3.3
CUST01333,1,1,0.18,2.5
CUST01334,1,1,0.43,3.5
CUST01335,1,3,0.42,2.6
CUST01336,0,11,0.35,4.3
CUST01337,0,1,0.67,3.5
CUST01338,0,2,0.35,3.1
CUST01339,0,4,0.51,4.6
CUST01340,0,7,0.69,5.0
CUST01341,1,2,0.2,4.1
CUST01342,0,6,0.55,2.3
CUST01343,0,10,0.35,3.9
CUST01344,1,3,0.48,3.8
CUST01345,2,4,0.51,5.0
CUST01346,0,11,0.49,4.5
CUST01347,0,8,0.85,3.5
CUST01348,0,5,0.62,4.6
CUST01349,1,1,0.22,3.2
CUST01350,0,13,0.69,5.0
CUST01351,0,2,0.04,4.5
CUST01352,0,14,0.36,4.2
CUST01353,0,8,0.42,4.5
CUST01354,0,6,0.49,4.2
CUST01355,1,3,0.44,3.7
CUST01356,0,2,0.56,3.9
CUST01357,1,5,0.44,3.4
CUST01358,0,4,0.35,4.5
CUST01359,0,3,0.38,5.0
CUST01360,0,5,0.66,3.7
CUST01361,3,2,0.38,4.3
CUST01362,1,5,0.39,5.0
CUST01363,0,7,0.47,3.8
CUST01364,0,0,0.58,4.0
CUST01365,1,0,0.61,4.5
CUST01366,0,7,0.42,3.2
CUST01367,4,4,0.48,4.7
CUST01368,0,5,0.41,4.3
CUST01369,2,10,0.39,3.9
CUST01370,0,2,0.36,4.1
CUST01371,4,8,0.31,3.1
CUST01372,0,8,0.54,3.5
CUST01373,1,5,0.17,3.2
CUST01374,0,10,0.38,5.0
CUST01375,3,3,0.22,5.0
CUST01376,0,4,0.23,4.7
CUST01377,0,1,0.5,3.5
CUST01378,0,4,0.38,3.7
CUST01379,1,0,0.5,3.6
CUST01380,1,5,0.39,3.2
CUST01381,0,4,0.17,2.5
CUST01382,1,7,0.48,3.8
CUST01383,0,1,0.27,4.0
CUST01384,0,5,0.29,3.7
CUST01385,3,0,0.0,3.1
CUST01386,1,0,0.25,4.4
CUST01387,1,5,0.21,3.9
CUST01388,0,5,0.43,4.7
CUST01389,1,0,0.45,5.0
CUST01390,0,8,0.14,3.2
CUST01391,2,11,0.62,4.0
CUST01392,0,9,0.5,3.4
CUST01393,0,8,0.31,4.7
CUST01394,0,3,0.35,3.2
CUST01395,0,8,0.13,5.0
CUST01396,1,2,0.34,2.5
CUST01397,0,3,0.39,4.7
CUST01398,3,0,0.48,3.0
CUST01399,0,5,0.45,2.5
CUST01400,1,6,0.51,4.4
CUST01401,1,3,0.29,3.9
CUST01402,0,2,0.24,4.0
CUST01403,0,5,0.22,3.5
CUST01404,0,4,0.32,3.7
CUST01405,1,0,0.2,3.6
CUST01406,0,1,0.4,4.2
CUST01407,2,2,0.25,2.7
CUST01408,0,7,0.36,3.2
CUST01409,2,1,0.23,3.0
CUST01410,0,8,0.33,4.5
CUST01411,1,0,0.18,2.7
CUST01412,2,0,0.18,2.6
CUST01413,1,5,0.46,4.7
CUST01414,0,6,0.29,3.1
CUST01415,1,11,0.74,3.4
CUST01416,1,10,0.27,4.3
CUST01417,5,0,0.14,3.3
CUST01418,0,4,0.49,4.1
CUST01419,0,5,0.22,4.0
CUST01420,0,13,0.6,4.2
CUST01421,0,1,0.28,2.5
CUST01422,1,0,0.11,4.0
CUST01423,0,4,0.39,4.4
CUST01424,1,0,0.47,2.2
CUST01425,0,0,0.11,4.7
CUST01426,0,3,0.68,4.2
CUST01427,0,7,0.77,5.0
CUST01428,1,6,0.32,4.1
CUST01429,2,2,0.63,2.9
CUST01430,0,0,0.19,3.4
CUST01431,0,10,0.48,4.9
CUST01432,1,5,0.68,4.6
CUST01433,2,1,0.27,3.4
CUST01434,0,10,0.67,5.0
CUST01435,1,1,0.59,4.5
CUST01436,2,7,0.23,3.3
CUST01437,0,0,0.34,4.1
CUST01438,0,4,0.31,3.7
CUST01439,2,4,0.16,4.2
CUST01440,1,1,0.27,2.2
CUST01441,0,9,0.56,4.6
CUST01442,0,2,0.13,2.5
CUST01443,0,6,0.28,4.0
CUST01444,0,0,0.18,2.8
CUST01445,2,1,0.41,3.9
CUST01446,0,1,0.24,3.5
CUST01447,0,2,0.44,3.1
CUST01448,0,6,0.19,4.6
CUST01449,0,9,0.48,3.8
CUST01450,0,16,0.47,4.8
CUST01451,1,2,0.46,4.1
CUST01452,1,1,0.33,3.3
CUST01453,2,6,0.3,3.8
CUST01454,1,13,0.49,3.9
CUST01455,1,7,0.42,3.3
CUST01456,2,6,0.53,3.5
CUST01457,0,1,0.0,4.4
CUST01458,0,4,0.59,3.9
CUST01459,0,4,0.14,3.3
CUST01460,1,0,0.0,4.6
CUST01461,1,1,0.45,3.6
CUST01462,0,6,0.47,4.1
CUST01463,0,6,0.79,4.6
CUST01464,0,7,0.68,4.4
CUST01465,1,2,0.43,2.9
CUST01466,1,0,0.52,3.4
CUST01467,0,3,0.31,2.8
CUST01468,1,6,0.08,4.2
CUST01469,0,17,0.46,5.0
CUST01470,0,13,0.47,3.8
CUST01471,2,0,0.11,2.8
CUST01472,0,10,0.54,5.0
CUST01473,1,3,0.43,3.5
CUST01474,0,15,0.48,4.2
CUST01475,0,0,0.58,2.0
CUST01476,1,8,0.48,3.9
CUST01477,0,6,0.38,4.3
CUST01478,1,3,0.37,4.5
CUST01479,2,5,0.31,3.7
CUST01480,2,2,0.34,4.2
CUST01481,1,2,0.41,3.5
CUST01482,0,7,0.19,4.4
CUST01483,1,5,0.44,3.8
CUST01484,0,6,0.66,5.0
CUST01485,0,7,0.33,3.8
CUST01486,0,9,0.48,3.1
CUST01487,0,2,0.33,3.5
CUST01488,0,10,0.48,3.9
CUST01489,0,0,0.24,2.4
CUST01490,0,11,0.36,3.6
CUST01491,1,6,0.23,3.8
CUST01492,1,2,0.12,3.7
CUST01493,0,6,0.46,3.5
CUST01494,1,6,0.08,3.8
CUST01495,0,1,0.26,3.3
CUST01496,0,4,0.46,3.7
CUST01497,0,0,0.21,2.4
CUST01498,1,9,0.35,5.0
CUST01499,1,6,0.51,4.9
CUST01500,1,5,0.36,4.1
CUST01501,1,11,0.63,5.0
CUST01502,0,15,0.59,4.6
CUST01503,0,0,0.11,1.7
CUST01504,0,0,0.2,3.7
CUST01505,0,1,0.65,4.7
CUST01506,0,3,0.47,3.1
CUST01507,1,3,0.4,3.2
CUST01508,0,8,0.7,4.4
CUST01509,0,3,0.31,3.0
CUST01510,0,3,0.29,3.3
CUST01511,0,7,0.21,3.4
CUST01512,0,0,0.09,3.7
CUST01513,1,2,0.25,3.3
CUST01514,1,0,0.0,2.4
CUST01515,1,3,0.34,3.9
CUST01516,0,0,0.24,3.3
CUST01517,0,5,0.21,3.6
CUST01518,0,3,0.3,4.2
CUST01519,1,4,0.17,3.7
CUST01520,1,1,0.23,3.3
CUST01521,0,3,0.26,3.2
CUST01522,0,4,0.18,2.8
CUST01523,0,5,0.18,5.0
CUST01524,1,0,0.55,4.0
CUST01525,1,0,0.35,3.4
CUST01526,0,9,0.47,4.3
CUST01527,1,4,0.47,4.1
CUST01528,0,2,0.18,2.5
CUST01529,2,2,0.0,3.8
CUST01530,0,4,0.24,2.1
CUST01531,1,3,0.5,3.7
CUST01532,1,0,0.16,2.9
CUST01533,0,5,0.38,3.2
CUST01534,2,0,0.17,3.7
CUST01535,1,2,0.67,4.2
CUST01536,0,12,0.63,4.1
CUST01537,1,6,0.32,2.9
CUST01538,0,15,0.69,5.0
CUST01539,1,3,0.35,3.9
CUST01540,0,7,0.19,3.4
CUST01541,0,4,0.19,3.9
CUST01542,2,4,0.39,4.4
CUST01543,1,1,0.28,3.3
CUST01544,2,1,0.26,3.4
CUST01545,0,1,0.23,4.3
CUST01546,1,4,0.32,3.7
CUST01547,1,3,0.4,4.1
CUST01548,0,9,0.13,4.8
CUST01549,1,7,0.56,2.6
CUST01550,0,10,0.25,4.8
CUST01551,0,1,0.1,3.3
CUST01552,0,2,0.27,4.2
CUST01553,1,8,0.43,4.5
CUST01554,0,8,0.5,4.2
CUST01555,1,4,0.18,4.0
CUST01556,0,8,0.38,4.4
CUST01557,0,8,0.62,4.7
CUST01558,0,5,0.3,5.0
CUST01559,1,2,0.24,3.2
CUST01560,0,10,0.6,4.9
CUST01561,0,0,0.24,3.0
CUST01562,0,0,0.23,2.8
CUST01563,0,6,0.26,3.6
CUST01564,1,2,0.0,3.4
CUST01565,0,2,0.34,3.6
CUST01566,0,3,0.29,4.8
CUST01567,0,2,0.24,3.8
CUST01568,0,9,0.56,3.2
CUST01569,0,7,0.35,3.8
CUST01570,1,5,0.41,4.3
CUST01571,0,12,0.6,4.2
CUST01572,1,3,0.48,3.7
CUST01573,0,7,0.42,3.8
CUST01574,0,12,0.23,4.8
CUST01575,1,4,0.0,2.7
CUST01576,0,2,0.33,3.3
CUST01577,1,2,0.32,4.6
CUST01578,0,4,0.43,5.0
CUST01579,0,2,0.33,3.5
CUST01580,1,4,0.38,3.3
CUST01581,1,0,0.35,3.0
CUST01582,1,5,0.51,3.4
CUST01583,0,4,0.48,3.6
CUST01584,1,2,0.27,2.1
CUST01585,0,19,0.61,5.0
CUST01586,1,4,0.5,5.0
CUST01587,1,4,0.47,3.3
CUST01588,0,0,0.11,4.1
CUST01589,3,3,0.34,2.6
CUST01590,0,10,0.55,5.0
CUST01591,0,3,0.22,4.5
CUST01592,0,2,0.37,3.6
CUST01593,0,6,0.38,3.2
CUST01594,3,1,0.3,3.6
CUST01595,0,6,0.4,4.7
CUST01596,0,7,0.56,4.2
CUST01597,0,0,0.01,4.4
CUST01598,3,2,0.3,5.0
CUST01599,0,2,0.09,3.4
CUST01600,0,6,0.15,3.4
CUST01601,0,6,0.44,3.9
CUST01602,0,12,0.33,5.0
CUST01603,1,5,0.37,2.8
CUST01604,0,7,0.86,5.0
CUST01605,0,0,0.31,3.5
CUST01606,0,1,0.62,4.3
CUST01607,0,2,0.13,4.4
CUST01608,0,5,0.4,4.2
CUST01609,1,4,0.47,2.6
CUST01610,1,0,0.26,2.8
CUST01611,0,5,0.3,5.0
CUST01612,0,1,0.31,3.8
CUST01613,0,0,0.18,4.4
CUST01614,1,3,0.38,4.2
CUST01615,1,8,0.62,4.2
CUST01616,0,6,0.38,3.9
CUST01617,1,4,0.45,5.0
CUST01618,0,10,0.44,4.1
CUST01619,1,6,0.63,4.2
CUST01620,2,13,0.37,4.8
CUST01621,1,4,0.31,4.8
CUST01622,0,10,0.48,3.9
CUST01623,0,5,0.42,4.1
CUST01624,0,4,0.35,4.3
CUST01625,1,7,0.52,4.1
CUST01626,0,5,0.23,3.5
CUST01627,1,5,0.33,4.1
CUST01628,1,7,0.72,3.0
CUST01629,0,5,0.21,4.2
CUST01630,0,0,0.23,2.8
CUST01631,0,4,0.24,3.1
CUST01632,0,9,0.29,3.2
CUST01633,1,6,0.47,3.2
CUST01634,0,11,0.62,5.0
CUST01635,1,7,0.17,5.0
CUST01636,0,12,0.28,4.4
CUST01637,2,2,0.16,3.6
CUST01638,2,0,0.12,3.3
CUST01639,0,0,0.31,3.7
CUST01640,0,7,0.83,4.0
CUST01641,0,4,0.41,3.7
CUST01642,1,3,0.4,4.3
CUST01643,0,10,0.2,3.1
CUST01644,1,1,0.32,2.7
CUST01645,0,3,0.05,3.5
CUST01646,1,2,0.29,3.5
CUST01647,0,2,0.4,3.7
CUST01648,0,4,0.22,4.9
CUST01649,1,4,0.2,3.9
CUST01650,4,0,0.27,3.1
CUST01651,0,6,0.54,3.4
CUST01652,0,5,0.34,4.1
CUST01653,2,0,0.45,4.5
CUST01654,0,0,0.23,4.2
CUST01655,1,1,0.07,3.9
CUST01656,0,4,0.32,4.0
CUST01657,0,8,0.54,3.6
CUST01658,0,2,0.32,4.0
CUST01659,0,6,0.39,4.5
CUST01660,2,2,0.75,3.3
CUST01661,0,9,0.36,3.6
CUST01662,0,6,0.19,4.8
CUST01663,0,5,0.7,4.3
CUST01664,0,4,0.18,5.0
CUST01665,0,5,0.42,4.3
CUST01666,0,3,0.54,4.3
CUST01667,0,3,0.31,3.0
CUST01668,2,5,0.61,4.8
CUST01669,0,4,0.64,5.0
CUST01670,0,7,0.62,4.7
CUST01671,0,14,0.58,5.0
CUST01672,1,2,0.18,3.1
CUST01673,1,5,0.2,3.9
CUST01674,0,1,0.14,4.1
CUST01675,2,6,0.46,3.7
CUST01676,0,11,0.45,4.7
CUST01677,0,5,0.62,3.8
CUST01678,0,1,0.38,2.6
CUST01679,1,0,0.36,4.4
CUST01680,0,9,0.65,5.0
CUST01681,1,4,0.37,4.1
CUST01682,1,0,0.22,2.4
CUST01683,0,6,0.19,4.3
CUST01684,2,0,0.03,3.3
CUST01685,0,13,0.45,4.7
CUST01686,1,7,0.33,3.5
CUST01687,1,3,0.19,3.4
CUST01688,1,1,0.42,3.4
CUST01689,0,8,0.28,5.0
CUST01690,0,3,0.39,4.5
CUST01691,1,5,0.42,3.9
CUST01692,0,10,0.5,4.7
CUST01693,2,0,0.17,2.5
CUST01694,0,0,0.21,3.1
CUST01695,1,1,0.0,3.5
CUST01696,2,2,0.39,4.6
CUST01697,1,8,0.43,4.4
CUST01698,0,1,0.29,3.1
CUST01699,2,20,0.32,5.0
CUST01700,0,19,0.75,4.2
CUST01701,1,0,0.02,2.2
CUST01702,0,7,0.48,4.2
CUST01703,1,4,0.25,2.6
CUST01704,0,4,0.27,4.1
CUST01705,0,0,0.16,4.3
CUST01706,2,5,0.57,5.0
CUST01707,0,5,0.26,4.4
CUST01708,0,7,0.11,3.7
CUST01709,0,1,0.24,2.3
CUST01710,0,0,0.18,4.1
CUST01711,0,2,0.29,4.9
CUST01712,0,7,0.43,3.7
CUST01713,2,0,0.08,3.9
CUST01714,1,6,0.28,3.6
CUST01715,2,1,0.12,4.8
CUST01716,0,13,0.34,4.1
CUST01717,1,3,0.48,4.1
CUST01718,1,2,0.3,2.6
CUST01719,0,5,0.48,4.0
CUST01720,0,9,0.5,4.0
CUST01721,0,0,0.07,2.2
CUST01722,0,7,0.57,4.7
CUST01723,2,0,0.19,2.9
CUST01724,0,0,0.15,3.5
CUST01725,0,4,0.38,3.0
CUST01726,0,11,0.07,4.0
CUST01727,0,6,0.32,5.0
CUST01728,0,3,0.31,3.4
CUST01729,1,10,0.4,4.4
CUST01730,1,3,0.35,5.0
CUST01731,3,2,0.36,3.7
CUST01732,1,2,0.28,4.1
CUST01733,0,8,0.62,4.7
CUST01734,1,2,0.51,4.0
CUST01735,0,4,0.5,3.6
CUST01736,2,4,0.46,5.0
CUST01737,0,4,0.21,4.3
CUST01738,1,0,0.48,4.1
CUST01739,0,1,0.19,4.3
CUST01740,0,3,0.35,4.8
CUST01741,2,2,0.49,5.0
CUST01742,2,1,0.13,4.0
CUST01743,1,5,0.44,3.9
CUST01744,2,2,0.22,4.2
CUST01745,0,13,0.6,5.0
CUST01746,0,2,0.31,2.9
CUST01747,0,1,0.27,2.2
CUST01748,0,4,0.44,2.3
CUST01749,0,1,0.11,4.0
CUST01750,2,0,0.11,3.7
CUST01751,1,0,0.0,4.3
CUST01752,0,6,0.59,4.7
CUST01753,1,4,0.5,4.0
CUST01754,1,2,0.52,5.0
CUST01755,0,13,0.5,5.0
CUST01756,1,3,0.0,3.4
CUST01757,0,10,0.55,5.0
CUST01758,0,3,0.12,3.1
CUST01759,0,2,0.46,4.1
CUST01760,0,11,0.39,3.7
CUST01761,0,1,0.16,2.8
CUST01762,1,2,0.37,3.2
CUST01763,0,0,0.47,4.8
CUST01764,1,3,0.57,4.7
CUST01765,1,0,0.24,3.1
CUST01766,0,5,0.41,3.8
CUST01767,2,1,0.14,4.3
CUST01768,0,9,0.33,3.5
CUST01769,0,6,0.44,4.7
CUST01770,1,8,0.18,3.4
CUST01771,0,8,0.57,4.8
CUST01772,0,0,0.0,3.3
CUST01773,1,4,0.34,4.0
CUST01774,0,14,0.46,4.7
CUST01775,0,8,0.37,4.5
CUST01776,0,7,0.28,2.9
CUST01777,0,2,0.32,3.5
CUST01778,0,4,0.4,4.4
CUST01779,0,10,0.57,2.6
CUST01780,0,14,0.24,5.0
CUST01781,1,0,0.09,2.7
CUST01782,1,0,0.02,3.3
CUST01783,2,0,0.17,3.7
CUST01784,0,4,0.44,5.0
CUST01785,1,4,0.3,3.0
CUST01786,0,4,0.42,3.6
CUST01787,0,1,0.12,4.0
CUST01788,3,0,0.21,2.8
CUST01789,0,1,0.56,3.9
CUST01790,0,8,0.52,3.6
CUST01791,1,0,0.18,2.8
CUST01792,0,4,0.49,4.4
CUST01793,1,11,0.55,3.9
CUST01794,0,10,0.17,5.0
CUST01795,0,8,0.83,4.4
CUST01796,0,11,0.5,5.0
CUST01797,0,3,0.22,4.7
CUST01798,0,0,0.09,3.3
CUST01799,0,7,0.55,5.0
CUST01800,0,4,0.38,4.6
CUST01801,0,0,0.19,2.1
CUST01802,0,5,0.0,3.6
CUST01803,0,2,0.38,3.6
CUST01804,2,1,0.26,3.8
CUST01805,0,0,0.21,1.3
CUST01806,1,7,0.36,4.4
CUST01807,0,7,0.2,4.5
CUST01808,0,4,0.39,5.0
CUST01809,0,0,0.28,3.1
CUST01810,0,9,0.61,5.0
CUST01811,1,3,0.57,5.0
CUST01812,0,6,0.5,3.9
CUST01813,2,4,0.19,3.6
CUST01814,0,4,0.68,4.2
CUST01815,2,7,0.42,4.2
CUST01816,1,4,0.64,3.2
CUST01817,0,1,0.25,3.9
CUST01818,1,12,0.52,5.0
CUST01819,0,6,0.44,5.0
CUST01820,0,1,0.18,4.0
CUST01821,2,4,0.44,3.3
CUST01822,1,9,0.76,5.0
CUST01823,1,6,0.16,4.2
CUST01824,0,12,0.31,5.0
CUST01825,1,2,0.47,3.5
CUST01826,1,4,0.32,4.2
CUST01827,2,2,0.72,3.2
CUST01828,1,6,0.39,5.0
CUST01829,0,6,0.58,2.9
CUST01830,0,0,0.31,3.5
CUST01831,0,6,0.52,4.3
CUST01832,0,2,0.33,4.3
CUST01833,1,4,0.57,4.6
CUST01834,1,1,0.24,4.3
CUST01835,0,9,0.45,5.0
CUST01836,0,17,0.57,3.6
CUST01837,3,2,0.57,3.4
CUST01838,1,5,0.38,4.2
CUST01839,1,0,0.13,2.1
CUST01840,0,4,0.27,4.1
CUST01841,2,0,0.13,3.4
CUST01842,2,5,0.47,5.0
CUST01843,0,18,0.59,4.8
CUST01844,0,7,0.46,4.9
CUST01845,2,0,0.19,3.4
CUST01846,0,0,0.28,3.9
CUST01847,1,2,0.47,3.1
CUST01848,2,2,0.39,3.9
CUST01849,1,1,0.26,3.8
CUST01850,0,12,0.53,3.2
CUST01851,1,1,0.25,3.7
CUST01852,1,3,0.3,2.9
CUST01853,0,9,0.52,3.0
CUST01854,0,3,0.28,2.5
CUST01855,3,0,0.44,3.4
CUST01856,0,1,0.11,2.9
CUST01857,0,3,0.38,5.0
CUST01858,1,10,0.06,3.1
CUST01859,0,6,0.3,4.3
CUST01860,0,2,0.26,4.3
CUST01861,0,11,0.54,5.0
CUST01862,2,2,0.47,3.4
CUST01863,0,6,0.12,4.0
CUST01864,1,1,0.39,4.2
CUST01865,0,5,0.38,3.8
CUST01866,2,6,0.4,4.5
CUST01867,0,4,0.63,2.7
CUST01868,1,10,0.5,4.2
CUST01869,0,6,0.28,5.0
CUST01870,0,4,0.48,4.1
CUST01871,0,3,0.31,3.9
CUST01872,0,0,0.0,2.8
CUST01873,0,8,0.45,4.4
CUST01874,0,13,0.45,4.6
CUST01875,0,9,0.71,4.5
CUST01876,2,1,0.37,3.1
CUST01877,0,10,0.62,4.0
CUST01878,0,2,0.19,3.8
CUST01879,0,10,0.67,4.2
CUST01880,0,4,0.38,3.8
CUST01881,1,1,0.26,2.6
CUST01882,3,2,0.37,3.1
CUST01883,1,1,0.33,4.7
CUST01884,0,11,0.53,5.0
CUST01885,1,5,0.4,4.0
CUST01886,0,18,0.25,3.4
CUST01887,0,6,0.45,4.3
CUST01888,1,6,0.29,4.3
CUST01889,0,2,0.52,3.4
CUST01890,0,15,0.2,5.0
CUST01891,3,6,0.5,3.8
CUST01892,0,8,0.48,4.9
CUST01893,0,3,0.2,3.0
CUST01894,0,14,0.43,3.8
CUST01895,0,4,0.37,3.4
CUST01896,1,4,0.31,5.0
CUST01897,0,10,0.21,4.9
CUST01898,0,0,0.36,2.6
CUST01899,2,10,0.42,4.6
CUST01900,0,9,0.18,4.5
CUST01901,0,3,0.51,4.3
CUST01902,0,2,0.49,2.8
CUST01903,0,12,0.48,4.4
CUST01904,0,1,0.31,3.3
CUST01905,0,7,0.45,3.2
CUST01906,0,7,0.5,4.2
CUST01907,1,2,0.43,3.9
CUST01908,2,3,0.59,4.1
CUST01909,1,6,0.49,3.6
CUST01910,0,0,0.16,3.9
CUST01911,1,0,0.39,5.0
CUST01912,1,4,0.44,4.0
CUST01913,1,18,0.81,5.0
CUST01914,3,3,0.39,4.6
CUST01915,4,3,0.49,5.0
CUST01916,0,2,0.2,3.2
CUST01917,2,0,0.34,2.3
CUST01918,0,2,0.08,4.1
CUST01919,1,8,0.42,4.0
CUST01920,0,10,0.45,3.9
CUST01921,0,3,0.14,2.8
CUST01922,1,0,0.22,2.7
CUST01923,2,0,0.08,3.5
CUST01924,1,6,0.55,5.0
CUST01925,1,0,0.21,3.9
CUST01926,1,10,0.32,4.5
CUST01927,0,0,0.49,3.8
CUST01928,0,4,0.35,3.1
CUST01929,1,0,0.49,3.8
CUST01930,0,4,0.35,4.3
CUST01931,1,4,0.41,3.7
CUST01932,0,2,0.25,4.3
CUST01933,1,4,0.18,4.2
CUST01934,0,2,0.21,4.2
CUST01935,0,2,0.46,3.8
CUST01936,0,2,0.3,2.6
CUST01937,0,7,0.42,4.5
CUST01938,0,5,0.22,4.1
CUST01939,0,7,0.47,4.6
CUST01940,0,3,0.45,4.0
CUST01941,0,12,0.67,3.5
CUST01942,1,3,0.4,3.1
CUST01943,0,3,0.41,2.7
CUST01944,1,7,0.71,4.5
CUST01945,0,2,0.32,4.4
CUST01946,0,7,0.39,4.6
CUST01947,1,0,0.21,3.3
CUST01948,0,1,0.39,3.6
CUST01949,0,7,0.55,3.8
CUST01950,0,1,0.41,3.5
CUST01951,0,7,0.48,3.7
CUST01952,2,1,0.23,4.2
CUST01953,0,6,0.59,3.9
CUST01954,0,2,0.37,4.7
CUST01955,0,0,0.29,3.8
CUST01956,1,3,0.35,4.0
CUST01957,2,6,0.54,3.9
CUST01958,0,3,0.12,3.8
CUST01959,2,4,0.58,3.9
CUST01960,1,7,0.23,3.6
CUST01961,0,2,0.37,4.5
CUST01962,0,17,0.6,4.2
CUST01963,0,6,0.26,3.8
CUST01964,0,16,0.64,5.0
CUST01965,1,0,0.18,2.8
CUST01966,3,7,0.2,3.9
CUST01967,0,5,0.36,4.2
CUST01968,1,8,0.62,4.8
CUST01969,0,4,0.55,5.0
CUST01970,1,3,0.04,2.2
CUST01971,2,0,0.24,3.7
CUST01972,0,2,0.32,3.1
CUST01973,0,11,0.55,5.0
CUST01974,0,5,0.22,3.6
CUST01975,1,10,0.35,5.0
CUST01976,0,0,0.1,3.2
CUST01977,0,4,0.0,3.0
CUST01978,1,3,0.62,3.9
CUST01979,0,3,0.57,5.0
CUST01980,2,7,0.43,3.0
CUST01981,0,3,0.13,3.6
CUST01982,1,2,0.56,3.5
CUST01983,1,1,0.41,4.2
CUST01984,2,2,0.41,2.6
CUST01985,2,0,0.4,3.4
CUST01986,0,6,0.52,4.4
CUST01987,1,4,0.27,3.5
CUST01988,0,2,0.42,3.4
CUST01989,0,1,0.2,5.0
CUST01990,1,3,0.37,4.7
CUST01991,0,5,0.49,3.2
CUST01992,0,6,0.42,4.7
CUST01993,1,2,0.35,4.5
CUST01994,1,15,0.57,3.9
CUST01995,2,0,0.32,3.1
CUST01996,1,0,0.29,3.2
CUST01997,0,0,0.56,5.0
CUST01998,0,1,0.7,5.0
CUST01999,0,10,0.56,4.6
CUST02000,1,1,0.4,3.5
