customer_id,recency_days,frequency,monetary,avg_order_value,R_score,F_score,M_score,RFM_score,RFM_total,segment
CUST00001,61,1,75.49,75.49,2,1,1,211,4,Hibernating
CUST00002,28,31,2216.94,71.51,3,5,5,355,13,Loyal Customers
CUST00003,18,4,165.28,41.32,4,2,2,422,8,New Customers
CUST00004,4,4,366.89,91.72,5,2,3,523,10,New Customers
CUST00005,101,2,48.21,24.1,1,1,1,111,3,Hibernating
CUST00006,117,7,322.32,46.05,1,3,3,133,7,At Risk
CUST00007,17,24,1143.1,47.63,4,5,5,455,14,Champions
CUST00008,233,8,318.37,39.8,1,3,3,133,7,At Risk
CUST00009,113,2,128.85,64.42,1,1,2,112,4,Hibernating
CUST00010,173,7,176.14,25.16,1,3,2,132,6,Lost
CUST00011,33,7,328.93,46.99,3,3,3,333,9,Loyal Customers
CUST00012,72,3,132.79000000000002,44.26,2,2,2,222,6,Hibernating
CUST00013,7,23,1753.85,76.25,5,5,5,555,15,Champions
CUST00014,14,9,678.55,75.39,4,4,4,444,12,Champions
CUST00015,69,5,192.03,38.41,2,2,2,222,6,Hibernating
CUST00016,52,29,1907.68,65.78,2,5,5,255,12,At Risk
CUST00017,7,26,1978.23,76.09,5,5,5,555,15,Champions
CUST00018,380,1,17.73,17.73,1,1,1,111,3,Hibernating
CUST00019,1,5,205.91,41.18,5,2,2,522,9,New Customers
CUST00020,25,1,17.55,17.55,3,1,1,311,5,Promising
CUST00021,83,7,255.56,36.51,2,3,3,233,8,At Risk
CUST00022,144,7,369.03,52.72,1,3,3,133,7,At Risk
CUST00023,55,11,641.55,58.32,2,4,4,244,10,At Risk
CUST00024,2,22,1556.62,70.76,5,5,5,555,15,Champions
CUST00025,24,10,546.6,54.66,3,4,4,344,11,Loyal Customers
CUST00027,59,8,635.5699999999999,79.45,2,3,4,234,9,At Risk
CUST00028,22,4,152.51,38.13,4,2,2,422,8,New Customers
CUST00030,6,5,217.93,43.59,5,2,2,522,9,New Customers
CUST00031,152,1,80.76,80.76,1,1,1,111,3,Hibernating
CUST00032,19,16,888.71,55.54,4,5,5,455,14,Champions
CUST00033,43,14,659.44,47.1,2,4,4,244,10,At Risk
CUST00034,523,2,189.4,94.7,1,1,2,112,4,Hibernating
CUST00036,8,9,457.13,50.79,5,4,4,544,13,Champions
CUST00038,16,16,981.81,61.36,4,5,5,455,14,Champions
CUST00039,6,20,1170.88,58.54,5,5,5,555,15,Champions
CUST00040,44,2,47.559999999999995,23.78,2,1,1,211,4,Hibernating
CUST00042,309,10,416.07,41.61,1,4,3,143,8,At Risk
CUST00043,156,3,78.38,26.13,1,2,1,121,4,Hibernating
CUST00044,8,20,1280.33,64.02,5,5,5,555,15,Champions
CUST00046,33,9,633.73,70.41,3,4,4,344,11,Loyal Customers
CUST00047,12,5,279.65999999999997,55.93,4,2,3,423,9,New Customers
CUST00048,95,3,156.34,52.11,1,2,2,122,5,Hibernating
CUST00049,44,15,779.47,51.96,2,5,4,254,11,At Risk
CUST00050,251,6,275.01,45.84,1,3,3,133,7,At Risk
CUST00051,65,7,370.54,52.93,2,3,3,233,8,At Risk
CUST00052,159,8,340.5,42.56,1,3,3,133,7,At Risk
CUST00055,14,8,464.35,58.04,4,3,4,434,11,Loyal Customers
CUST00056,165,5,172.38,34.48,1,2,2,122,5,Hibernating
CUST00057,30,2,94.58,47.29,3,1,1,311,5,Promising
CUST00058,36,12,554.21,46.18,3,4,4,344,11,Loyal Customers
CUST00059,94,2,192.22,96.11,1,1,2,112,4,Hibernating
CUST00060,98,3,83.3,27.77,1,2,1,121,4,Hibernating
CUST00061,46,5,353.97,70.79,2,2,3,223,7,Others
CUST00062,5,20,1575.07,78.75,5,5,5,555,15,Champions
CUST00063,165,2,45.24,22.62,1,1,1,111,3,Hibernating
CUST00064,32,8,516.57,64.57,3,3,4,334,10,Loyal Customers
CUST00065,29,4,180.15,45.04,3,2,2,322,7,Promising
CUST00067,28,23,1473.1,64.05,3,5,5,355,13,Loyal Customers
CUST00070,30,5,257.32,51.46,3,2,3,323,8,Others
CUST00071,88,5,320.23,64.05,1,2,3,123,6,Lost
CUST00072,4,1,182.45,182.45,5,1,2,512,8,New Customers
CUST00073,30,2,173.64,86.82,3,1,2,312,6,Promising
CUST00074,3,2,149.55,74.78,5,1,2,512,8,New Customers
CUST00075,18,9,450.11,50.01,4,4,4,444,12,Champions
CUST00076,14,13,1322.42,101.72,4,4,5,445,13,Champions
CUST00077,14,2,234.26999999999998,117.14,4,1,2,412,7,New Customers
CUST00079,43,24,1429.37,59.56,2,5,5,255,12,At Risk
CUST00080,201,2,120.5,60.25,1,1,2,112,4,Hibernating
CUST00081,1,11,726.0699999999999,66.01,5,4,4,544,13,Champions
CUST00083,29,3,184.13,61.38,3,2,2,322,7,Promising
CUST00084,30,3,122.80000000000001,40.93,3,2,2,322,7,Promising
CUST00086,21,4,139.84,34.96,4,2,2,422,8,New Customers
CUST00087,4,17,877.12,51.6,5,5,5,555,15,Champions
CUST00088,24,45,3257.12,72.38,3,5,5,355,13,Loyal Customers
CUST00089,474,1,19.65,19.65,1,1,1,111,3,Hibernating
CUST00090,17,4,215.28,53.82,4,2,2,422,8,New Customers
CUST00091,10,10,331.9,33.19,4,4,3,443,11,Loyal Customers
CUST00092,3,5,222.92000000000002,44.58,5,2,2,522,9,New Customers
CUST00094,49,6,267.3,44.55,2,3,3,233,8,At Risk
CUST00095,85,12,718.44,59.87,2,4,4,244,10,At Risk
CUST00096,63,14,864.77,61.77,2,4,5,245,11,At Risk
CUST00097,9,26,1663.94,64.0,5,5,5,555,15,Champions
CUST00098,46,8,479.31,59.91,2,3,4,234,9,At Risk
CUST00099,24,1,23.82,23.82,3,1,1,311,5,Promising
CUST00100,40,9,535.66,59.52,3,4,4,344,11,Loyal Customers
CUST00101,41,6,353.12,58.85,3,3,3,333,9,Loyal Customers
CUST00102,59,15,848.18,56.55,2,5,5,255,12,At Risk
CUST00103,38,7,247.77,35.4,3,3,3,333,9,Loyal Customers
CUST00104,1,5,264.23,52.85,5,2,3,523,10,New Customers
CUST00105,116,14,755.19,53.94,1,4,4,144,9,At Risk
CUST00106,83,1,41.3,41.3,2,1,1,211,4,Hibernating
CUST00107,94,11,518.86,47.17,1,4,4,144,9,At Risk
CUST00108,31,17,1449.3600000000001,85.26,3,5,5,355,13,Loyal Customers
CUST00110,25,11,559.3199999999999,50.85,3,4,4,344,11,Loyal Customers
CUST00111,23,1,83.87,83.87,4,1,1,411,6,New Customers
CUST00112,23,19,987.5799999999999,51.98,4,5,5,455,14,Champions
CUST00113,249,2,77.24000000000001,38.62,1,1,1,111,3,Hibernating
CUST00114,44,10,636.62,63.66,2,4,4,244,10,At Risk
CUST00115,29,2,109.58,54.79,3,1,2,312,6,Promising
CUST00116,38,16,763.08,47.69,3,5,4,354,12,Loyal Customers
CUST00117,24,2,74.5,37.25,3,1,1,311,5,Promising
CUST00118,40,3,95.23,31.74,3,2,1,321,6,Promising
CUST00119,9,1,47.65,47.65,5,1,1,511,7,New Customers
CUST00120,51,3,139.26,46.42,2,2,2,222,6,Hibernating
CUST00121,8,3,341.28,113.76,5,2,3,523,10,New Customers
CUST00122,12,6,366.02,61.0,4,3,3,433,10,Loyal Customers
CUST00123,34,13,887.27,68.25,3,4,5,345,12,Loyal Customers
CUST00124,1,3,130.16,43.39,5,2,2,522,9,New Customers
CUST00125,205,5,128.01,25.6,1,2,2,122,5,Hibernating
CUST00126,3,4,163.14999999999998,40.79,5,2,2,522,9,New Customers
CUST00127,64,2,117.62,58.81,2,1,2,212,5,Hibernating
CUST00128,35,19,1689.97,88.95,3,5,5,355,13,Loyal Customers
CUST00129,18,1,36.66,36.66,4,1,1,411,6,New Customers
CUST00130,20,11,797.63,72.51,4,4,4,444,12,Champions
CUST00131,80,4,172.10999999999999,43.03,2,2,2,222,6,Hibernating
CUST00132,46,4,239.26999999999998,59.82,2,2,2,222,6,Hibernating
CUST00133,37,5,102.92,20.58,3,2,1,321,6,Promising
CUST00136,7,5,163.95,32.79,5,2,2,522,9,New Customers
CUST00137,57,2,109.47999999999999,54.74,2,1,2,212,5,Hibernating
CUST00138,1,22,1626.8,73.95,5,5,5,555,15,Champions
CUST00139,31,35,2461.46,70.33,3,5,5,355,13,Loyal Customers
CUST00140,17,6,267.34,44.56,4,3,3,433,10,Loyal Customers
CUST00143,41,1,103.56,103.56,3,1,1,311,5,Promising
CUST00144,25,16,834.79,52.17,3,5,5,355,13,Loyal Customers
CUST00146,3,9,375.55,41.73,5,4,3,543,12,Loyal Customers
CUST00147,28,2,56.76,28.38,3,1,1,311,5,Promising
CUST00148,7,20,1182.22,59.11,5,5,5,555,15,Champions
CUST00149,16,15,789.06,52.6,4,5,4,454,13,Champions
CUST00150,50,1,75.94,75.94,2,1,1,211,4,Hibernating
CUST00151,45,1,51.02,51.02,2,1,1,211,4,Hibernating
CUST00152,71,10,420.06,42.01,2,4,4,244,10,At Risk
CUST00153,136,1,65.43,65.43,1,1,1,111,3,Hibernating
CUST00154,3,4,146.55,36.64,5,2,2,522,9,New Customers
CUST00155,9,23,1928.84,83.86,5,5,5,555,15,Champions
CUST00156,6,1,179.02,179.02,5,1,2,512,8,New Customers
CUST00157,8,8,387.95,48.49,5,3,3,533,11,Loyal Customers
CUST00158,5,10,511.99,51.2,5,4,4,544,13,Champions
CUST00159,7,7,480.15999999999997,68.59,5,3,4,534,12,Loyal Customers
CUST00160,3,1,47.62,47.62,5,1,1,511,7,New Customers
CUST00161,49,1,20.69,20.69,2,1,1,211,4,Hibernating
CUST00162,13,3,182.5,60.83,4,2,2,422,8,New Customers
CUST00163,50,4,195.76,48.94,2,2,2,222,6,Hibernating
CUST00164,8,16,1083.78,67.74,5,5,5,555,15,Champions
CUST00165,1,4,189.07,47.27,5,2,2,522,9,New Customers
CUST00166,108,5,228.93,45.79,1,2,2,122,5,Hibernating
CUST00168,282,5,276.98,55.4,1,2,3,123,6,Lost
CUST00169,38,40,3134.84,78.37,3,5,5,355,13,Loyal Customers
CUST00170,32,12,515.3,42.94,3,4,4,344,11,Loyal Customers
CUST00172,5,9,402.95,44.77,5,4,3,543,12,Loyal Customers
CUST00175,58,11,517.26,47.02,2,4,4,244,10,At Risk
CUST00176,3,25,1977.77,79.11,5,5,5,555,15,Champions
CUST00177,12,18,1356.57,75.36,4,5,5,455,14,Champions
CUST00178,2,12,613.84,51.15,5,4,4,544,13,Champions
CUST00179,37,3,106.82,35.61,3,2,2,322,7,Promising
CUST00180,4,26,1350.02,51.92,5,5,5,555,15,Champions
CUST00181,138,30,2119.88,70.66,1,5,5,155,11,At Risk
CUST00182,48,11,587.73,53.43,2,4,4,244,10,At Risk
CUST00183,36,2,91.6,45.8,3,1,1,311,5,Promising
CUST00185,38,33,2359.28,71.49,3,5,5,355,13,Loyal Customers
CUST00186,1,10,374.21999999999997,37.42,5,4,3,543,12,Loyal Customers
CUST00187,81,16,802.22,50.14,2,5,4,254,11,At Risk
CUST00188,9,7,336.94,48.13,5,3,3,533,11,Loyal Customers
CUST00189,3,26,1827.72,70.3,5,5,5,555,15,Champions
CUST00190,114,6,340.97,56.83,1,3,3,133,7,At Risk
CUST00191,9,25,1633.35,65.33,5,5,5,555,15,Champions
CUST00192,32,12,484.9,40.41,3,4,4,344,11,Loyal Customers
CUST00193,16,25,1492.83,59.71,4,5,5,455,14,Champions
CUST00194,21,4,221.11,55.28,4,2,2,422,8,New Customers
CUST00195,242,1,75.36,75.36,1,1,1,111,3,Hibernating
CUST00196,38,22,1664.58,75.66,3,5,5,355,13,Loyal Customers
CUST00197,3,4,121.97,30.49,5,2,2,522,9,New Customers
CUST00198,31,9,405.49,45.05,3,4,3,343,10,Loyal Customers
CUST00199,56,5,301.36,60.27,2,2,3,223,7,Others
CUST00200,31,30,1973.82,65.79,3,5,5,355,13,Loyal Customers
CUST00201,4,15,694.0600000000001,46.27,5,5,4,554,14,Champions
CUST00202,22,6,446.54999999999995,74.42,4,3,4,434,11,Loyal Customers
CUST00203,17,15,1343.53,89.57,4,5,5,455,14,Champions
CUST00204,9,28,1821.49,65.05,5,5,5,555,15,Champions
CUST00205,17,3,251.08999999999997,83.7,4,2,3,423,9,New Customers
CUST00206,17,15,953.27,63.55,4,5,5,455,14,Champions
CUST00207,170,1,9.66,9.66,1,1,1,111,3,Hibernating
CUST00208,1,7,240.96,34.42,5,3,2,532,10,Others
CUST00209,144,6,273.22,45.54,1,3,3,133,7,At Risk
CUST00210,59,11,588.01,53.46,2,4,4,244,10,At Risk
CUST00211,22,8,471.38,58.92,4,3,4,434,11,Loyal Customers
CUST00212,163,8,387.58,48.45,1,3,3,133,7,At Risk
CUST00213,137,12,737.21,61.43,1,4,4,144,9,At Risk
CUST00214,2,7,270.52,38.65,5,3,3,533,11,Loyal Customers
CUST00215,144,2,126.53,63.26,1,1,2,112,4,Hibernating
CUST00216,16,1,75.82,75.82,4,1,1,411,6,New Customers
CUST00219,14,15,1066.41,71.09,4,5,5,455,14,Champions
CUST00220,71,4,345.01,86.25,2,2,3,223,7,Others
CUST00221,42,12,578.09,48.17,3,4,4,344,11,Loyal Customers
CUST00222,50,4,158.23000000000002,39.56,2,2,2,222,6,Hibernating
CUST00223,35,1,49.52,49.52,3,1,1,311,5,Promising
CUST00224,22,9,456.82,50.76,4,4,4,444,12,Champions
CUST00225,6,16,814.5500000000001,50.91,5,5,4,554,14,Champions
CUST00226,13,5,214.07,42.81,4,2,2,422,8,New Customers
CUST00227,12,4,203.12,50.78,4,2,2,422,8,New Customers
CUST00228,20,6,252.79,42.13,4,3,3,433,10,Loyal Customers
CUST00229,227,6,318.2,53.03,1,3,3,133,7,At Risk
CUST00230,76,7,319.3,45.61,2,3,3,233,8,At Risk
CUST00231,26,1,89.04,89.04,3,1,1,311,5,Promising
CUST00232,104,3,173.76999999999998,57.92,1,2,2,122,5,Hibernating
CUST00233,31,19,1336.6,70.35,3,5,5,355,13,Loyal Customers
CUST00234,16,4,217.2,54.3,4,2,2,422,8,New Customers
CUST00235,18,7,379.64,54.23,4,3,3,433,10,Loyal Customers
CUST00236,157,2,69.92,34.96,1,1,1,111,3,Hibernating
CUST00237,25,4,139.0,34.75,3,2,2,322,7,Promising
CUST00238,49,5,177.38,35.48,2,2,2,222,6,Hibernating
CUST00239,26,8,262.16,32.77,3,3,3,333,9,Loyal Customers
CUST00241,3,22,1528.1799999999998,69.46,5,5,5,555,15,Champions
CUST00242,27,3,192.45,64.15,3,2,2,322,7,Promising
CUST00243,5,2,119.66,59.83,5,1,2,512,8,New Customers
CUST00244,109,6,190.06,31.68,1,3,2,132,6,Lost
CUST00245,161,1,110.91,110.91,1,1,2,112,4,Hibernating
CUST00246,6,1,27.83,27.83,5,1,1,511,7,New Customers
CUST00247,4,18,1004.0600000000001,55.78,5,5,5,555,15,Champions
CUST00248,44,3,232.02,77.34,2,2,2,222,6,Hibernating
CUST00249,45,24,1609.09,67.05,2,5,5,255,12,At Risk
CUST00251,160,10,487.05,48.7,1,4,4,144,9,At Risk
CUST00252,5,16,905.3,56.58,5,5,5,555,15,Champions
CUST00253,8,43,3061.89,71.21,5,5,5,555,15,Champions
CUST00254,120,3,204.07,68.02,1,2,2,122,5,Hibernating
CUST00255,82,3,129.99,43.33,2,2,2,222,6,Hibernating
CUST00256,5,1,116.24,116.24,5,1,2,512,8,New Customers
CUST00257,14,5,185.93,37.19,4,2,2,422,8,New Customers
CUST00258,21,4,269.95,67.49,4,2,3,423,9,New Customers
CUST00259,63,14,705.9200000000001,50.42,2,4,4,244,10,At Risk
CUST00260,100,6,308.23,51.37,1,3,3,133,7,At Risk
CUST00261,125,2,84.00999999999999,42.0,1,1,1,111,3,Hibernating
CUST00262,22,8,476.08,59.51,4,3,4,434,11,Loyal Customers
CUST00263,26,22,1503.63,68.35,3,5,5,355,13,Loyal Customers
CUST00264,14,9,538.41,59.82,4,4,4,444,12,Champions
CUST00265,42,20,1442.44,72.12,3,5,5,355,13,Loyal Customers
CUST00266,7,29,1998.8,68.92,5,5,5,555,15,Champions
CUST00267,27,7,294.77,42.11,3,3,3,333,9,Loyal Customers
CUST00268,58,11,579.36,52.67,2,4,4,244,10,At Risk
CUST00269,3,24,1621.47,67.56,5,5,5,555,15,Champions
CUST00270,422,2,56.21000000000001,28.11,1,1,1,111,3,Hibernating
CUST00271,65,5,142.75,28.55,2,2,2,222,6,Hibernating
CUST00272,5,42,3262.68,77.68,5,5,5,555,15,Champions
CUST00273,105,10,534.97,53.5,1,4,4,144,9,At Risk
CUST00274,34,4,157.7,39.42,3,2,2,322,7,Promising
CUST00275,7,1,41.54,41.54,5,1,1,511,7,New Customers
CUST00276,16,6,305.18,50.86,4,3,3,433,10,Loyal Customers
CUST00277,46,2,71.5,35.75,2,1,1,211,4,Hibernating
CUST00278,4,2,97.21,48.6,5,1,1,511,7,New Customers
CUST00279,22,8,383.88,47.98,4,3,3,433,10,Loyal Customers
CUST00281,31,16,993.6,62.1,3,5,5,355,13,Loyal Customers
CUST00282,20,7,458.43,65.49,4,3,4,434,11,Loyal Customers
CUST00283,80,7,482.55,68.94,2,3,4,234,9,At Risk
CUST00284,15,32,2280.92,71.28,4,5,5,455,14,Champions
CUST00285,10,5,315.51,63.1,4,2,3,423,9,New Customers
CUST00286,113,5,358.65999999999997,71.73,1,2,3,123,6,Lost
CUST00289,8,2,163.62,81.81,5,1,2,512,8,New Customers
CUST00290,151,12,585.81,48.82,1,4,4,144,9,At Risk
CUST00291,11,11,848.1800000000001,77.11,4,4,5,445,13,Champions
CUST00292,105,13,732.91,56.38,1,4,4,144,9,At Risk
CUST00293,8,12,803.28,66.94,5,4,4,544,13,Champions
CUST00294,94,3,97.57,32.52,1,2,1,121,4,Hibernating
CUST00295,42,1,21.24,21.24,3,1,1,311,5,Promising
CUST00296,4,28,1931.19,68.97,5,5,5,555,15,Champions
CUST00297,116,8,368.81,46.1,1,3,3,133,7,At Risk
CUST00298,33,6,388.04,64.67,3,3,3,333,9,Loyal Customers
CUST00299,2,35,2511.33,71.75,5,5,5,555,15,Champions
CUST00300,20,5,171.28,34.26,4,2,2,422,8,New Customers
CUST00301,10,3,266.38,88.79,4,2,3,423,9,New Customers
CUST00302,8,6,222.28,37.05,5,3,2,532,10,Others
CUST00303,39,18,839.79,46.66,3,5,5,355,13,Loyal Customers
CUST00304,48,4,229.37,57.34,2,2,2,222,6,Hibernating
CUST00305,125,2,91.31,45.66,1,1,1,111,3,Hibernating
CUST00306,84,1,69.32,69.32,2,1,1,211,4,Hibernating
CUST00307,27,7,333.43,47.63,3,3,3,333,9,Loyal Customers
CUST00308,19,6,241.60999999999999,40.27,4,3,2,432,9,Others
CUST00309,377,1,17.61,17.61,1,1,1,111,3,Hibernating
CUST00310,46,1,43.77,43.77,2,1,1,211,4,Hibernating
CUST00311,3,3,205.98,68.66,5,2,2,522,9,New Customers
CUST00312,61,3,238.48000000000002,79.49,2,2,2,222,6,Hibernating
CUST00313,7,12,715.29,59.61,5,4,4,544,13,Champions
CUST00314,24,8,547.29,68.41,3,3,4,334,10,Loyal Customers
CUST00315,2,5,297.72,59.54,5,2,3,523,10,New Customers
CUST00316,57,2,97.73,48.86,2,1,1,211,4,Hibernating
CUST00317,1,5,249.54,49.91,5,2,3,523,10,New Customers
CUST00318,3,17,1149.91,67.64,5,5,5,555,15,Champions
CUST00319,128,2,77.32,38.66,1,1,1,111,3,Hibernating
CUST00322,2,8,513.76,64.22,5,3,4,534,12,Loyal Customers
CUST00324,69,4,127.02,31.76,2,2,2,222,6,Hibernating
CUST00325,76,15,748.59,49.91,2,5,4,254,11,At Risk
CUST00326,142,11,596.2,54.2,1,4,4,144,9,At Risk
CUST00327,1,25,1876.76,75.07,5,5,5,555,15,Champions
CUST00328,84,5,394.83,78.97,2,2,3,223,7,Others
CUST00329,4,2,118.89,59.44,5,1,2,512,8,New Customers
CUST00331,218,2,65.36,32.68,1,1,1,111,3,Hibernating
CUST00332,272,6,265.17,44.2,1,3,3,133,7,At Risk
CUST00333,16,14,1012.57,72.33,4,4,5,445,13,Champions
CUST00334,111,5,181.94,36.39,1,2,2,122,5,Hibernating
CUST00335,6,4,338.81,84.7,5,2,3,523,10,New Customers
CUST00336,473,2,92.7,46.35,1,1,1,111,3,Hibernating
CUST00338,96,9,407.2,45.24,1,4,3,143,8,At Risk
CUST00339,12,6,355.5,59.25,4,3,3,433,10,Loyal Customers
CUST00342,22,16,1357.17,84.82,4,5,5,455,14,Champions
CUST00343,221,3,204.93,68.31,1,2,2,122,5,Hibernating
CUST00344,20,21,1967.85,93.71,4,5,5,455,14,Champions
CUST00345,32,9,508.82000000000005,56.54,3,4,4,344,11,Loyal Customers
CUST00346,28,11,394.45,35.86,3,4,3,343,10,Loyal Customers
CUST00347,68,1,81.73,81.73,2,1,1,211,4,Hibernating
CUST00348,54,1,62.32,62.32,2,1,1,211,4,Hibernating
CUST00349,60,4,128.61,32.15,2,2,2,222,6,Hibernating
CUST00350,14,2,59.82,29.91,4,1,1,411,6,New Customers
CUST00351,99,5,273.06,54.61,1,2,3,123,6,Lost
CUST00352,11,4,217.79000000000002,54.45,4,2,2,422,8,New Customers
CUST00353,3,9,705.14,78.35,5,4,4,544,13,Champions
CUST00354,28,25,1533.2,61.33,3,5,5,355,13,Loyal Customers
CUST00355,29,1,27.04,27.04,3,1,1,311,5,Promising
CUST00356,10,7,282.3,40.33,4,3,3,433,10,Loyal Customers
CUST00357,38,10,611.12,61.11,3,4,4,344,11,Loyal Customers
CUST00360,23,9,485.38,53.93,4,4,4,444,12,Champions
CUST00361,49,13,1031.98,79.38,2,4,5,245,11,At Risk
CUST00362,6,8,499.95,62.49,5,3,4,534,12,Loyal Customers
CUST00364,45,11,453.20000000000005,41.2,2,4,4,244,10,At Risk
CUST00365,4,25,1920.3,76.81,5,5,5,555,15,Champions
CUST00366,127,2,153.71,76.86,1,1,2,112,4,Hibernating
CUST00367,32,2,215.62,107.81,3,1,2,312,6,Promising
CUST00368,6,10,953.49,95.35,5,4,5,545,14,Champions
CUST00369,166,8,264.58,33.07,1,3,3,133,7,At Risk
CUST00370,48,12,387.59,32.3,2,4,3,243,9,At Risk
CUST00372,15,6,276.87,46.14,4,3,3,433,10,Loyal Customers
CUST00373,2,8,559.58,69.95,5,3,4,534,12,Loyal Customers
CUST00375,37,19,900.51,47.4,3,5,5,355,13,Loyal Customers
CUST00378,40,4,122.05,30.51,3,2,2,322,7,Promising
CUST00379,59,5,214.03,42.81,2,2,2,222,6,Hibernating
CUST00380,1,9,447.46000000000004,49.72,5,4,4,544,13,Champions
CUST00381,18,23,1550.42,67.41,4,5,5,455,14,Champions
CUST00382,14,11,552.38,50.22,4,4,4,444,12,Champions
CUST00383,44,16,1185.29,74.08,2,5,5,255,12,At Risk
CUST00384,7,15,761.84,50.79,5,5,4,554,14,Champions
CUST00385,2,29,2421.51,83.5,5,5,5,555,15,Champions
CUST00386,227,4,130.04,32.51,1,2,2,122,5,Hibernating
CUST00389,15,15,1101.32,73.42,4,5,5,455,14,Champions
CUST00390,53,7,309.53999999999996,44.22,2,3,3,233,8,At Risk
CUST00391,12,8,608.05,76.01,4,3,4,434,11,Loyal Customers
CUST00392,13,33,2654.9,80.45,4,5,5,455,14,Champions
CUST00393,19,18,828.37,46.02,4,5,4,454,13,Champions
CUST00395,14,33,2189.36,66.34,4,5,5,455,14,Champions
CUST00396,1,3,187.53,62.51,5,2,2,522,9,New Customers
CUST00397,29,18,1634.01,90.78,3,5,5,355,13,Loyal Customers
CUST00398,105,1,22.2,22.2,1,1,1,111,3,Hibernating
CUST00399,6,8,354.37,44.3,5,3,3,533,11,Loyal Customers
CUST00400,47,6,337.94,56.32,2,3,3,233,8,At Risk
CUST00401,19,3,226.8,75.6,4,2,2,422,8,New Customers
CUST00402,288,3,166.39,55.46,1,2,2,122,5,Hibernating
CUST00404,156,4,162.17,40.54,1,2,2,122,5,Hibernating
CUST00405,1,4,214.23000000000002,53.56,5,2,2,522,9,New Customers
CUST00406,4,9,513.88,57.1,5,4,4,544,13,Champions
CUST00407,33,40,2959.57,73.99,3,5,5,355,13,Loyal Customers
CUST00408,56,1,19.17,19.17,2,1,1,211,4,Hibernating
CUST00409,103,8,302.33000000000004,37.79,1,3,3,133,7,At Risk
CUST00411,106,1,78.61,78.61,1,1,1,111,3,Hibernating
CUST00412,4,9,465.33000000000004,51.7,5,4,4,544,13,Champions
CUST00414,330,1,42.81,42.81,1,1,1,111,3,Hibernating
CUST00415,35,4,76.75,19.19,3,2,1,321,6,Promising
CUST00416,67,2,55.47,27.74,2,1,1,211,4,Hibernating
CUST00417,13,28,1848.93,66.03,4,5,5,455,14,Champions
CUST00418,12,6,464.64,77.44,4,3,4,434,11,Loyal Customers
CUST00419,11,8,392.26,49.03,4,3,3,433,10,Loyal Customers
CUST00420,15,25,1481.85,59.27,4,5,5,455,14,Champions
CUST00422,286,3,100.75,33.58,1,2,1,121,4,Hibernating
CUST00423,26,1,96.01,96.01,3,1,1,311,5,Promising
CUST00424,6,3,163.63,54.54,5,2,2,522,9,New Customers
CUST00425,100,13,698.37,53.72,1,4,4,144,9,At Risk
CUST00426,26,26,1835.29,70.59,3,5,5,355,13,Loyal Customers
CUST00427,47,7,507.88,72.55,2,3,4,234,9,At Risk
CUST00429,4,4,350.15,87.54,5,2,3,523,10,New Customers
CUST00430,15,22,1262.16,57.37,4,5,5,455,14,Champions
CUST00431,70,1,7.6,7.6,2,1,1,211,4,Hibernating
CUST00432,9,13,672.76,51.75,5,4,4,544,13,Champions
CUST00433,16,29,1991.69,68.68,4,5,5,455,14,Champions
CUST00434,11,12,575.03,47.92,4,4,4,444,12,Champions
CUST00435,19,11,413.58,37.6,4,4,3,443,11,Loyal Customers
CUST00436,24,4,253.07,63.27,3,2,3,323,8,Others
CUST00438,76,2,23.25,11.62,2,1,1,211,4,Hibernating
CUST00439,26,2,113.89000000000001,56.95,3,1,2,312,6,Promising
CUST00440,12,7,285.84000000000003,40.83,4,3,3,433,10,Loyal Customers
CUST00442,93,7,311.46000000000004,44.49,1,3,3,133,7,At Risk
CUST00443,16,5,288.32,57.66,4,2,3,423,9,New Customers
CUST00444,3,1,30.52,30.52,5,1,1,511,7,New Customers
CUST00446,104,3,255.11,85.04,1,2,3,123,6,Lost
CUST00447,163,1,24.64,24.64,1,1,1,111,3,Hibernating
CUST00449,5,5,274.84,54.97,5,2,3,523,10,New Customers
CUST00450,49,7,205.87,29.41,2,3,2,232,7,Others
CUST00451,3,5,344.84,68.97,5,2,3,523,10,New Customers
CUST00452,16,9,625.38,69.49,4,4,4,444,12,Champions
CUST00453,6,19,1140.36,60.02,5,5,5,555,15,Champions
CUST00454,64,7,395.21000000000004,56.46,2,3,3,233,8,At Risk
CUST00455,8,5,402.83,80.57,5,2,3,523,10,New Customers
CUST00456,12,28,1986.65,70.95,4,5,5,455,14,Champions
CUST00457,16,14,744.68,53.19,4,4,4,444,12,Champions
CUST00458,87,1,33.41,33.41,1,1,1,111,3,Hibernating
CUST00459,61,1,82.03,82.03,2,1,1,211,4,Hibernating
CUST00460,36,1,16.79,16.79,3,1,1,311,5,Promising
CUST00461,5,5,482.87,96.57,5,2,4,524,11,New Customers
CUST00462,6,7,251.56,35.94,5,3,3,533,11,Loyal Customers
CUST00463,77,11,483.41999999999996,43.95,2,4,4,244,10,At Risk
CUST00464,21,4,186.65,46.66,4,2,2,422,8,New Customers
CUST00465,158,7,308.38,44.05,1,3,3,133,7,At Risk
CUST00466,118,2,166.83999999999997,83.42,1,1,2,112,4,Hibernating
CUST00467,41,8,356.42,44.55,3,3,3,333,9,Loyal Customers
CUST00468,60,7,412.74,58.96,2,3,3,233,8,At Risk
CUST00469,1,1,84.53,84.53,5,1,1,511,7,New Customers
CUST00470,6,6,507.33,84.56,5,3,4,534,12,Loyal Customers
CUST00471,1,2,196.8,98.4,5,1,2,512,8,New Customers
CUST00472,75,8,312.1,39.01,2,3,3,233,8,At Risk
CUST00473,165,4,130.18,32.54,1,2,2,122,5,Hibernating
CUST00474,61,4,300.65,75.16,2,2,3,223,7,Others
CUST00475,37,2,120.65,60.32,3,1,2,312,6,Promising
CUST00476,164,1,45.72,45.72,1,1,1,111,3,Hibernating
CUST00477,59,4,238.77,59.69,2,2,2,222,6,Hibernating
CUST00478,204,9,586.3,65.14,1,4,4,144,9,At Risk
CUST00479,7,21,994.83,47.37,5,5,5,555,15,Champions
CUST00480,25,14,869.64,62.12,3,4,5,345,12,Loyal Customers
CUST00481,11,7,247.32999999999998,35.33,4,3,3,433,10,Loyal Customers
CUST00482,99,5,257.95,51.59,1,2,3,123,6,Lost
CUST00484,44,19,954.86,50.26,2,5,5,255,12,At Risk
CUST00485,15,4,271.70000000000005,67.93,4,2,3,423,9,New Customers
CUST00486,35,16,868.54,54.28,3,5,5,355,13,Loyal Customers
CUST00487,16,17,1322.26,77.78,4,5,5,455,14,Champions
CUST00489,51,6,233.43,38.9,2,3,2,232,7,Others
CUST00490,8,2,96.25999999999999,48.13,5,1,1,511,7,New Customers
CUST00491,59,6,292.19,48.7,2,3,3,233,8,At Risk
CUST00493,6,10,824.91,82.49,5,4,4,544,13,Champions
CUST00494,15,19,1099.88,57.89,4,5,5,455,14,Champions
CUST00495,50,5,244.92,48.98,2,2,3,223,7,Others
CUST00496,450,2,87.83000000000001,43.92,1,1,1,111,3,Hibernating
CUST00497,121,13,828.4000000000001,63.72,1,4,4,144,9,At Risk
CUST00498,69,3,186.13,62.04,2,2,2,222,6,Hibernating
CUST00499,31,11,752.09,68.37,3,4,4,344,11,Loyal Customers
CUST00500,64,3,74.44999999999999,24.82,2,2,1,221,5,Hibernating
CUST00501,76,14,906.84,64.77,2,4,5,245,11,At Risk
CUST00502,25,3,132.91,44.3,3,2,2,322,7,Promising
CUST00503,26,7,194.67,27.81,3,3,2,332,8,Needs Attention
CUST00504,71,6,263.28,43.88,2,3,3,233,8,At Risk
CUST00506,9,3,105.43,35.14,5,2,1,521,8,New Customers
CUST00508,58,22,1457.56,66.25,2,5,5,255,12,At Risk
CUST00509,7,9,665.98,74.0,5,4,4,544,13,Champions
CUST00510,93,1,54.5,54.5,1,1,1,111,3,Hibernating
CUST00511,29,6,430.4200000000001,71.74,3,3,4,334,10,Loyal Customers
CUST00512,28,2,85.01,42.5,3,1,1,311,5,Promising
CUST00513,8,19,1217.56,64.08,5,5,5,555,15,Champions
CUST00514,17,16,772.97,48.31,4,5,4,454,13,Champions
CUST00515,1,25,1813.6499999999999,72.55,5,5,5,555,15,Champions
CUST00516,26,1,46.78,46.78,3,1,1,311,5,Promising
CUST00517,38,9,527.89,58.65,3,4,4,344,11,Loyal Customers
CUST00518,23,5,178.12,35.62,4,2,2,422,8,New Customers
CUST00519,31,4,204.24,51.06,3,2,2,322,7,Promising
CUST00521,8,19,1337.52,70.4,5,5,5,555,15,Champions
CUST00522,89,12,578.07,48.17,1,4,4,144,9,At Risk
CUST00523,17,1,38.39,38.39,4,1,1,411,6,New Customers
CUST00524,2,3,203.1,67.7,5,2,2,522,9,New Customers
CUST00525,86,4,279.35,69.84,1,2,3,123,6,Lost
CUST00526,76,11,590.45,53.68,2,4,4,244,10,At Risk
CUST00528,73,22,1582.35,71.92,2,5,5,255,12,At Risk
CUST00529,19,6,254.82999999999998,42.47,4,3,3,433,10,Loyal Customers
CUST00530,32,16,1210.73,75.67,3,5,5,355,13,Loyal Customers
CUST00532,41,14,1057.26,75.52,3,4,5,345,12,Loyal Customers
CUST00533,64,2,103.35,51.68,2,1,1,211,4,Hibernating
CUST00534,51,19,1124.45,59.18,2,5,5,255,12,At Risk
CUST00535,160,2,106.14999999999999,53.08,1,1,1,111,3,Hibernating
CUST00536,8,3,229.07999999999998,76.36,5,2,2,522,9,New Customers
CUST00537,43,1,41.69,41.69,2,1,1,211,4,Hibernating
CUST00538,10,5,274.67,54.93,4,2,3,423,9,New Customers
CUST00539,36,4,208.51,52.13,3,2,2,322,7,Promising
CUST00540,82,1,36.4,36.4,2,1,1,211,4,Hibernating
CUST00541,18,5,167.34,33.47,4,2,2,422,8,New Customers
CUST00542,50,6,397.71,66.28,2,3,3,233,8,At Risk
CUST00543,25,9,407.55,45.28,3,4,3,343,10,Loyal Customers
CUST00544,21,39,2696.9900000000002,69.15,4,5,5,455,14,Champions
CUST00545,3,1,15.31,15.31,5,1,1,511,7,New Customers
CUST00546,60,3,211.79,70.6,2,2,2,222,6,Hibernating
CUST00547,17,6,232.27,38.71,4,3,2,432,9,Others
CUST00548,51,18,884.78,49.15,2,5,5,255,12,At Risk
CUST00549,9,5,417.53,83.51,5,2,3,523,10,New Customers
CUST00550,163,4,193.87,48.47,1,2,2,122,5,Hibernating
CUST00551,90,18,917.55,50.97,1,5,5,155,11,At Risk
CUST00552,8,5,150.68,30.14,5,2,2,522,9,New Customers
CUST00553,33,2,138.66,69.33,3,1,2,312,6,Promising
CUST00555,86,3,175.07999999999998,58.36,1,2,2,122,5,Hibernating
CUST00556,6,27,2088.06,77.34,5,5,5,555,15,Champions
CUST00557,453,1,35.64,35.64,1,1,1,111,3,Hibernating
CUST00558,80,5,169.86,33.97,2,2,2,222,6,Hibernating
CUST00561,64,7,285.6,40.8,2,3,3,233,8,At Risk
CUST00562,19,3,124.02,41.34,4,2,2,422,8,New Customers
CUST00564,3,18,1479.42,82.19,5,5,5,555,15,Champions
CUST00566,285,1,30.28,30.28,1,1,1,111,3,Hibernating
CUST00568,114,5,134.99,27.0,1,2,2,122,5,Hibernating
CUST00569,57,8,419.69,52.46,2,3,4,234,9,At Risk
CUST00570,33,1,40.89,40.89,3,1,1,311,5,Promising
CUST00571,4,20,1296.29,64.81,5,5,5,555,15,Champions
CUST00572,313,1,25.74,25.74,1,1,1,111,3,Hibernating
CUST00573,62,2,54.99,27.5,2,1,1,211,4,Hibernating
CUST00574,19,8,419.09999999999997,52.39,4,3,4,434,11,Loyal Customers
CUST00575,60,6,271.27,45.21,2,3,3,233,8,At Risk
CUST00577,12,23,1323.3799999999999,57.54,4,5,5,455,14,Champions
CUST00579,37,7,455.95000000000005,65.14,3,3,4,334,10,Loyal Customers
CUST00580,52,11,476.96000000000004,43.36,2,4,4,244,10,At Risk
CUST00581,126,10,444.95,44.5,1,4,4,144,9,At Risk
CUST00582,57,7,328.77,46.97,2,3,3,233,8,At Risk
CUST00583,43,7,301.75,43.11,2,3,3,233,8,At Risk
CUST00584,179,3,139.53,46.51,1,2,2,122,5,Hibernating
CUST00585,5,4,195.81,48.95,5,2,2,522,9,New Customers
CUST00586,33,6,312.32,52.05,3,3,3,333,9,Loyal Customers
CUST00587,2,20,1280.33,64.02,5,5,5,555,15,Champions
CUST00588,18,4,111.22,27.8,4,2,2,422,8,New Customers
CUST00589,97,3,211.23000000000002,70.41,1,2,2,122,5,Hibernating
CUST00590,17,10,501.52,50.15,4,4,4,444,12,Champions
CUST00591,12,21,1538.05,73.24,4,5,5,455,14,Champions
CUST00592,54,1,50.31,50.31,2,1,1,211,4,Hibernating
CUST00593,3,5,233.36,46.67,5,2,2,522,9,New Customers
CUST00594,61,18,1157.64,64.31,2,5,5,255,12,At Risk
CUST00595,297,1,13.74,13.74,1,1,1,111,3,Hibernating
CUST00596,168,8,385.32,48.16,1,3,3,133,7,At Risk
CUST00597,16,20,889.98,44.5,4,5,5,455,14,Champions
CUST00598,41,1,66.28,66.28,3,1,1,311,5,Promising
CUST00599,33,13,593.67,45.67,3,4,4,344,11,Loyal Customers
CUST00600,8,10,669.41,66.94,5,4,4,544,13,Champions
CUST00601,23,37,3039.62,82.15,4,5,5,455,14,Champions
CUST00602,28,4,223.38,55.84,3,2,2,322,7,Promising
CUST00603,26,11,574.5699999999999,52.23,3,4,4,344,11,Loyal Customers
CUST00604,44,3,91.4,30.47,2,2,1,221,5,Hibernating
CUST00606,9,12,551.95,46.0,5,4,4,544,13,Champions
CUST00607,498,1,26.82,26.82,1,1,1,111,3,Hibernating
CUST00608,3,5,274.4,54.88,5,2,3,523,10,New Customers
CUST00609,2,25,1465.2,58.61,5,5,5,555,15,Champions
CUST00610,3,5,265.28000000000003,53.06,5,2,3,523,10,New Customers
CUST00611,63,8,554.67,69.33,2,3,4,234,9,At Risk
CUST00613,42,12,500.33,41.69,3,4,4,344,11,Loyal Customers
CUST00614,21,5,247.24,49.45,4,2,3,423,9,New Customers
CUST00616,37,29,1936.02,66.76,3,5,5,355,13,Loyal Customers
CUST00617,9,10,599.13,59.91,5,4,4,544,13,Champions
CUST00618,50,7,288.19,41.17,2,3,3,233,8,At Risk
CUST00620,48,11,535.8100000000001,48.71,2,4,4,244,10,At Risk
CUST00621,86,6,315.56,52.59,1,3,3,133,7,At Risk
CUST00622,101,10,478.21,47.82,1,4,4,144,9,At Risk
CUST00623,242,1,87.57,87.57,1,1,1,111,3,Hibernating
CUST00625,70,6,358.97,59.83,2,3,3,233,8,At Risk
CUST00626,10,29,2097.96,72.34,4,5,5,455,14,Champions
CUST00627,232,2,86.53999999999999,43.27,1,1,1,111,3,Hibernating
CUST00628,84,1,25.42,25.42,2,1,1,211,4,Hibernating
CUST00629,7,13,625.24,48.1,5,4,4,544,13,Champions
CUST00630,112,4,180.8,45.2,1,2,2,122,5,Hibernating
CUST00631,27,18,1435.15,79.73,3,5,5,355,13,Loyal Customers
CUST00632,34,2,120.09,60.04,3,1,2,312,6,Promising
CUST00633,12,8,553.59,69.2,4,3,4,434,11,Loyal Customers
CUST00634,29,1,20.71,20.71,3,1,1,311,5,Promising
CUST00635,78,5,199.78,39.96,2,2,2,222,6,Hibernating
CUST00636,29,10,693.21,69.32,3,4,4,344,11,Loyal Customers
CUST00637,328,3,151.28,50.43,1,2,2,122,5,Hibernating
CUST00639,7,13,507.1,39.01,5,4,4,544,13,Champions
CUST00640,9,5,388.56000000000006,77.71,5,2,3,523,10,New Customers
CUST00641,133,2,150.44,75.22,1,1,2,112,4,Hibernating
CUST00643,11,10,439.72,43.97,4,4,4,444,12,Champions
CUST00644,1,26,1629.7,62.68,5,5,5,555,15,Champions
CUST00645,37,5,144.65,28.93,3,2,2,322,7,Promising
CUST00646,4,11,792.38,72.03,5,4,4,544,13,Champions
CUST00648,21,9,417.53,46.39,4,4,3,443,11,Loyal Customers
CUST00649,122,1,34.36,34.36,1,1,1,111,3,Hibernating
CUST00650,64,2,175.76,87.88,2,1,2,212,5,Hibernating
CUST00651,35,10,641.91,64.19,3,4,4,344,11,Loyal Customers
CUST00652,4,26,2200.16,84.62,5,5,5,555,15,Champions
CUST00653,3,25,1578.57,63.14,5,5,5,555,15,Champions
CUST00654,15,3,100.41999999999999,33.47,4,2,1,421,7,New Customers
CUST00655,115,2,98.59,49.3,1,1,1,111,3,Hibernating
CUST00656,136,5,245.25,49.05,1,2,3,123,6,Lost
CUST00657,52,8,348.11,43.51,2,3,3,233,8,At Risk
CUST00658,16,8,741.89,92.74,4,3,4,434,11,Loyal Customers
CUST00659,29,2,144.31,72.16,3,1,2,312,6,Promising
CUST00660,131,2,64.18,32.09,1,1,1,111,3,Hibernating
CUST00661,25,12,567.47,47.29,3,4,4,344,11,Loyal Customers
CUST00662,125,1,13.16,13.16,1,1,1,111,3,Hibernating
CUST00663,36,4,213.68,53.42,3,2,2,322,7,Promising
CUST00664,63,4,208.67000000000002,52.17,2,2,2,222,6,Hibernating
CUST00665,13,21,1692.94,80.62,4,5,5,455,14,Champions
CUST00666,85,10,304.46000000000004,30.45,2,4,3,243,9,At Risk
CUST00668,23,2,88.78,44.39,4,1,1,411,6,New Customers
CUST00669,24,6,247.59,41.26,3,3,3,333,9,Loyal Customers
CUST00670,65,3,187.53,62.51,2,2,2,222,6,Hibernating
CUST00671,32,3,183.98,61.33,3,2,2,322,7,Promising
CUST00672,410,1,48.99,48.99,1,1,1,111,3,Hibernating
CUST00673,212,1,27.3,27.3,1,1,1,111,3,Hibernating
CUST00674,23,18,1576.68,87.59,4,5,5,455,14,Champions
CUST00675,6,22,1451.31,65.97,5,5,5,555,15,Champions
CUST00676,9,7,412.40999999999997,58.92,5,3,3,533,11,Loyal Customers
CUST00677,107,8,322.07,40.26,1,3,3,133,7,At Risk
CUST00679,4,36,2528.94,70.25,5,5,5,555,15,Champions
CUST00680,53,4,318.96000000000004,79.74,2,2,3,223,7,Others
CUST00681,214,5,237.59,47.52,1,2,2,122,5,Hibernating
CUST00682,58,1,28.82,28.82,2,1,1,211,4,Hibernating
CUST00683,95,3,142.25,47.42,1,2,2,122,5,Hibernating
CUST00684,167,3,92.81,30.94,1,2,1,121,4,Hibernating
CUST00685,392,1,27.47,27.47,1,1,1,111,3,Hibernating
CUST00686,62,3,110.78999999999999,36.93,2,2,2,222,6,Hibernating
CUST00687,29,13,721.0,55.46,3,4,4,344,11,Loyal Customers
CUST00688,91,6,224.0,37.33,1,3,2,132,6,Lost
CUST00689,8,3,145.59,48.53,5,2,2,522,9,New Customers
CUST00690,19,7,217.86,31.12,4,3,2,432,9,Others
CUST00691,84,10,742.81,74.28,2,4,4,244,10,At Risk
CUST00692,4,30,2012.45,67.08,5,5,5,555,15,Champions
CUST00694,202,4,267.84000000000003,66.96,1,2,3,123,6,Lost
CUST00695,35,6,274.95,45.82,3,3,3,333,9,Loyal Customers
CUST00696,43,2,98.63,49.32,2,1,1,211,4,Hibernating
CUST00697,33,9,484.69,53.85,3,4,4,344,11,Loyal Customers
CUST00698,25,15,1022.77,68.18,3,5,5,355,13,Loyal Customers
CUST00699,4,17,1000.85,58.87,5,5,5,555,15,Champions
CUST00700,14,6,242.93,40.49,4,3,2,432,9,Others
CUST00702,29,16,910.0799999999999,56.88,3,5,5,355,13,Loyal Customers
CUST00703,2,2,56.72,28.36,5,1,1,511,7,New Customers
CUST00705,85,3,203.37,67.79,2,2,2,222,6,Hibernating
CUST00706,407,10,466.74,46.67,1,4,4,144,9,At Risk
CUST00707,77,6,342.62,57.1,2,3,3,233,8,At Risk
CUST00708,62,10,554.68,55.47,2,4,4,244,10,At Risk
CUST00709,6,19,1249.68,65.77,5,5,5,555,15,Champions
CUST00710,18,20,1273.61,63.68,4,5,5,455,14,Champions
CUST00711,1,1,80.69,80.69,5,1,1,511,7,New Customers
CUST00712,13,7,361.37,51.62,4,3,3,433,10,Loyal Customers
CUST00714,21,11,346.05,31.46,4,4,3,443,11,Loyal Customers
CUST00715,148,2,63.059999999999995,31.53,1,1,1,111,3,Hibernating
CUST00716,17,17,1372.55,80.74,4,5,5,455,14,Champions
CUST00717,28,10,757.5,75.75,3,4,4,344,11,Loyal Customers
CUST00718,3,16,1088.2,68.01,5,5,5,555,15,Champions
CUST00719,13,7,381.64,54.52,4,3,3,433,10,Loyal Customers
CUST00720,195,5,310.89,62.18,1,3,3,133,7,At Risk
CUST00721,96,5,279.17,55.83,1,3,3,133,7,At Risk
CUST00722,93,5,262.07,52.41,1,3,3,133,7,At Risk
CUST00723,1,1,58.35,58.35,5,1,1,511,7,New Customers
CUST00724,28,8,462.46,57.81,3,3,4,334,10,Loyal Customers
CUST00725,159,7,367.32,52.47,1,3,3,133,7,At Risk
CUST00726,58,16,843.9,52.74,2,5,5,255,12,At Risk
CUST00727,94,16,950.25,59.39,1,5,5,155,11,At Risk
CUST00728,8,40,2884.46,72.11,5,5,5,555,15,Champions
CUST00729,89,2,104.32,52.16,1,1,1,111,3,Hibernating
CUST00730,16,20,1345.73,67.29,4,5,5,455,14,Champions
CUST00731,235,1,22.95,22.95,1,1,1,111,3,Hibernating
CUST00733,38,9,390.38,43.38,3,4,3,343,10,Loyal Customers
CUST00734,36,1,100.39,100.39,3,1,1,311,5,Promising
CUST00735,2,17,921.29,54.19,5,5,5,555,15,Champions
CUST00736,10,44,2945.56,66.94,4,5,5,455,14,Champions
CUST00737,7,5,205.10999999999999,41.02,5,3,2,532,10,Others
CUST00738,32,1,102.52,102.52,3,1,1,311,5,Promising
CUST00739,25,4,126.85,31.71,3,2,2,322,7,Promising
CUST00740,10,1,78.76,78.76,4,1,1,411,6,New Customers
CUST00742,25,7,293.7,41.96,3,3,3,333,9,Loyal Customers
CUST00743,70,2,176.01999999999998,88.01,2,1,2,212,5,Hibernating
CUST00744,71,13,955.77,73.52,2,4,5,245,11,At Risk
CUST00745,111,18,941.63,52.31,1,5,5,155,11,At Risk
CUST00746,14,2,133.94,66.97,4,1,2,412,7,New Customers
CUST00747,68,3,171.11,57.04,2,2,2,222,6,Hibernating
CUST00748,28,3,150.42000000000002,50.14,3,2,2,322,7,Promising
CUST00749,5,7,288.41,41.2,5,3,3,533,11,Loyal Customers
CUST00750,4,5,295.71999999999997,59.14,5,3,3,533,11,Loyal Customers
CUST00751,6,16,744.25,46.52,5,5,4,554,14,Champions
CUST00752,16,5,454.97999999999996,91.0,4,3,4,434,11,Loyal Customers
CUST00753,107,2,86.91,43.46,1,1,1,111,3,Hibernating
CUST00754,13,7,480.46000000000004,68.64,4,3,4,434,11,Loyal Customers
CUST00755,5,13,1049.37,80.72,5,4,5,545,14,Champions
CUST00757,12,4,247.44,61.86,4,2,3,423,9,New Customers
CUST00758,35,4,162.72,40.68,3,2,2,322,7,Promising
CUST00759,96,12,590.09,49.17,1,4,4,144,9,At Risk
CUST00760,319,1,46.07,46.07,1,1,1,111,3,Hibernating
CUST00761,71,2,193.05,96.52,2,1,2,212,5,Hibernating
CUST00763,2,2,31.71,15.86,5,1,1,511,7,New Customers
CUST00767,13,23,1518.22,66.01,4,5,5,455,14,Champions
CUST00768,6,8,350.76,43.84,5,3,3,533,11,Loyal Customers
CUST00769,3,9,352.45,39.16,5,4,3,543,12,Loyal Customers
CUST00771,28,1,49.92,49.92,3,1,1,311,5,Promising
CUST00772,26,20,1067.4,53.37,3,5,5,355,13,Loyal Customers
CUST00773,13,1,25.17,25.17,4,1,1,411,6,New Customers
CUST00774,26,4,197.26999999999998,49.32,3,2,2,322,7,Promising
CUST00775,13,3,77.62,25.87,4,2,1,421,7,New Customers
CUST00776,30,13,784.97,60.38,3,4,4,344,11,Loyal Customers
CUST00777,11,20,1357.19,67.86,4,5,5,455,14,Champions
CUST00778,30,14,651.3299999999999,46.52,3,4,4,344,11,Loyal Customers
CUST00779,5,1,37.06,37.06,5,1,1,511,7,New Customers
CUST00780,4,19,1304.61,68.66,5,5,5,555,15,Champions
CUST00781,67,1,22.3,22.3,2,1,1,211,4,Hibernating
CUST00782,6,10,577.4300000000001,57.74,5,4,4,544,13,Champions
CUST00784,100,8,405.36,50.67,1,3,3,133,7,At Risk
CUST00785,44,7,460.21999999999997,65.75,2,3,4,234,9,At Risk
CUST00786,41,8,430.19,53.77,3,3,4,334,10,Loyal Customers
CUST00787,19,4,219.06,54.76,4,2,2,422,8,New Customers
CUST00789,9,15,899.84,59.99,5,5,5,555,15,Champions
CUST00791,252,3,183.99,61.33,1,2,2,122,5,Hibernating
CUST00792,18,7,241.54,34.51,4,3,2,432,9,Others
CUST00793,128,12,554.43,46.2,1,4,4,144,9,At Risk
CUST00794,52,8,220.61,27.58,2,3,2,232,7,Others
CUST00795,17,14,995.49,71.11,4,4,5,445,13,Champions
CUST00796,15,2,120.65,60.32,4,1,2,412,7,New Customers
CUST00797,20,4,203.11,50.78,4,2,2,422,8,New Customers
CUST00798,15,13,696.4,53.57,4,4,4,444,12,Champions
CUST00799,315,2,57.980000000000004,28.99,1,1,1,111,3,Hibernating
CUST00800,11,4,183.73000000000002,45.93,4,2,2,422,8,New Customers
CUST00802,1,15,1113.07,74.2,5,5,5,555,15,Champions
CUST00803,17,3,123.34,41.11,4,2,2,422,8,New Customers
CUST00805,5,4,223.23,55.81,5,2,2,522,9,New Customers
CUST00806,53,4,163.6,40.9,2,2,2,222,6,Hibernating
CUST00807,2,19,1375.47,72.39,5,5,5,555,15,Champions
CUST00808,18,6,207.48,34.58,4,3,2,432,9,Others
CUST00809,15,13,875.5699999999999,67.35,4,4,5,445,13,Champions
CUST00810,48,5,345.03999999999996,69.01,2,3,3,233,8,At Risk
CUST00812,51,3,255.7,85.23,2,2,3,223,7,Others
CUST00813,54,5,249.95,49.99,2,3,3,233,8,At Risk
CUST00814,6,9,644.05,71.56,5,4,4,544,13,Champions
CUST00815,36,8,290.34,36.29,3,3,3,333,9,Loyal Customers
CUST00816,261,2,76.12,38.06,1,1,1,111,3,Hibernating
CUST00817,302,2,68.92,34.46,1,1,1,111,3,Hibernating
CUST00818,17,18,1469.18,81.62,4,5,5,455,14,Champions
CUST00819,96,3,134.21,44.74,1,2,2,122,5,Hibernating
CUST00820,55,11,689.38,62.67,2,4,4,244,10,At Risk
CUST00821,53,6,392.16,65.36,2,3,3,233,8,At Risk
CUST00822,6,1,62.58,62.58,5,1,1,511,7,New Customers
CUST00823,64,6,216.35999999999999,36.06,2,3,2,232,7,Others
CUST00824,15,1,72.16,72.16,4,1,1,411,6,New Customers
CUST00825,16,25,1637.99,65.52,4,5,5,455,14,Champions
CUST00826,9,23,1837.95,79.91,5,5,5,555,15,Champions
CUST00827,22,24,1907.52,79.48,4,5,5,455,14,Champions
CUST00828,103,10,421.67,42.17,1,4,4,144,9,At Risk
CUST00829,32,26,1780.61,68.48,3,5,5,355,13,Loyal Customers
CUST00830,143,3,125.12,41.71,1,2,2,122,5,Hibernating
CUST00831,41,2,119.36,59.68,3,1,2,312,6,Promising
CUST00832,50,7,305.26,43.61,2,3,3,233,8,At Risk
CUST00833,5,21,1717.9,81.8,5,5,5,555,15,Champions
CUST00834,68,6,241.95999999999998,40.33,2,3,2,232,7,Others
CUST00835,24,7,441.56,63.08,3,3,4,334,10,Loyal Customers
CUST00837,21,13,704.85,54.22,4,4,4,444,12,Champions
CUST00839,107,12,712.03,59.34,1,4,4,144,9,At Risk
CUST00840,38,11,527.64,47.97,3,4,4,344,11,Loyal Customers
CUST00841,138,6,367.34000000000003,61.22,1,3,3,133,7,At Risk
CUST00842,35,4,202.05,50.51,3,2,2,322,7,Promising
CUST00843,185,8,386.43,48.3,1,3,3,133,7,At Risk
CUST00844,3,3,196.98000000000002,65.66,5,2,2,522,9,New Customers
CUST00845,82,8,581.04,72.63,2,3,4,234,9,At Risk
CUST00846,16,21,1507.42,71.78,4,5,5,455,14,Champions
CUST00848,40,33,2466.67,74.75,3,5,5,355,13,Loyal Customers
CUST00849,40,18,985.34,54.74,3,5,5,355,13,Loyal Customers
CUST00850,10,1,39.26,39.26,4,1,1,411,6,New Customers
CUST00851,3,2,103.22999999999999,51.61,5,1,1,511,7,New Customers
CUST00852,39,8,395.85,49.48,3,3,3,333,9,Loyal Customers
CUST00853,15,13,937.83,72.14,4,4,5,445,13,Champions
CUST00854,15,5,172.65,34.53,4,3,2,432,9,Others
CUST00855,17,8,497.03,62.13,4,3,4,434,11,Loyal Customers
CUST00856,157,7,297.90999999999997,42.56,1,3,3,133,7,At Risk
CUST00858,11,18,1374.15,76.34,4,5,5,455,14,Champions
CUST00860,50,2,120.64,60.32,2,1,2,212,5,Hibernating
CUST00861,42,13,524.1700000000001,40.32,3,4,4,344,11,Loyal Customers
CUST00862,260,1,76.79,76.79,1,1,1,111,3,Hibernating
CUST00863,26,21,1864.4399999999998,88.78,3,5,5,355,13,Loyal Customers
CUST00865,12,10,485.56,48.56,4,4,4,444,12,Champions
CUST00867,91,3,197.99,66.0,1,2,2,122,5,Hibernating
CUST00868,81,11,526.62,47.87,2,4,4,244,10,At Risk
CUST00869,118,6,329.8,54.97,1,3,3,133,7,At Risk
CUST00870,36,20,1092.46,54.62,3,5,5,355,13,Loyal Customers
CUST00871,23,31,1951.61,62.96,4,5,5,455,14,Champions
CUST00872,8,2,134.26,67.13,5,1,2,512,8,New Customers
CUST00873,5,8,244.94,30.62,5,3,3,533,11,Loyal Customers
CUST00874,37,15,511.95,34.13,3,5,4,354,12,Loyal Customers
CUST00875,29,1,44.65,44.65,3,1,1,311,5,Promising
CUST00876,21,5,112.34,22.47,4,3,2,432,9,Others
CUST00877,70,6,327.28999999999996,54.55,2,3,3,233,8,At Risk
CUST00878,36,5,304.78999999999996,60.96,3,3,3,333,9,Loyal Customers
CUST00879,19,14,769.34,54.95,4,4,4,444,12,Champions
CUST00881,103,3,161.57,53.86,1,2,2,122,5,Hibernating
CUST00882,2,5,393.14,78.63,5,3,3,533,11,Loyal Customers
CUST00883,42,6,270.73,45.12,3,3,3,333,9,Loyal Customers
CUST00884,11,12,911.09,75.92,4,4,5,445,13,Champions
CUST00885,4,19,1420.62,74.77,5,5,5,555,15,Champions
CUST00887,8,17,1109.72,65.28,5,5,5,555,15,Champions
CUST00888,16,4,217.5,54.38,4,2,2,422,8,New Customers
CUST00889,53,10,340.64,34.06,2,4,3,243,9,At Risk
CUST00891,30,2,46.699999999999996,23.35,3,1,1,311,5,Promising
CUST00892,109,2,97.6,48.8,1,1,1,111,3,Hibernating
CUST00893,59,15,727.0,48.47,2,5,4,254,11,At Risk
CUST00894,147,5,260.85,52.17,1,3,3,133,7,At Risk
CUST00896,30,3,135.35,45.12,3,2,2,322,7,Promising
CUST00897,17,11,569.56,51.78,4,4,4,444,12,Champions
CUST00898,16,6,395.49,65.92,4,3,3,433,10,Loyal Customers
CUST00900,60,1,64.08,64.08,2,1,1,211,4,Hibernating
CUST00901,82,2,105.69,52.84,2,1,1,211,4,Hibernating
CUST00902,4,16,548.76,34.3,5,5,4,554,14,Champions
CUST00903,1,2,114.56,57.28,5,1,2,512,8,New Customers
CUST00904,30,4,173.15,43.29,3,2,2,322,7,Promising
CUST00906,104,2,115.58,57.79,1,1,2,112,4,Hibernating
CUST00907,8,20,1101.3,55.06,5,5,5,555,15,Champions
CUST00908,144,1,56.44,56.44,1,1,1,111,3,Hibernating
CUST00909,31,1,44.67,44.67,3,1,1,311,5,Promising
CUST00911,5,10,788.26,78.83,5,4,4,544,13,Champions
CUST00912,17,5,403.65000000000003,80.73,4,3,3,433,10,Loyal Customers
CUST00913,2,19,1410.93,74.26,5,5,5,555,15,Champions
CUST00914,4,3,140.95,46.98,5,2,2,522,9,New Customers
CUST00915,107,3,125.47,41.82,1,2,2,122,5,Hibernating
CUST00916,110,2,39.870000000000005,19.94,1,1,1,111,3,Hibernating
CUST00917,1,14,737.0500000000001,52.65,5,4,4,544,13,Champions
CUST00918,6,14,566.35,40.45,5,4,4,544,13,Champions
CUST00919,201,4,181.59,45.4,1,2,2,122,5,Hibernating
CUST00920,11,4,268.9,67.22,4,2,3,423,9,New Customers
CUST00921,14,11,821.94,74.72,4,4,4,444,12,Champions
CUST00922,33,27,2443.32,90.49,3,5,5,355,13,Loyal Customers
CUST00923,1,3,112.9,37.63,5,2,2,522,9,New Customers
CUST00924,84,10,594.15,59.42,2,4,4,244,10,At Risk
CUST00925,179,6,212.64,35.44,1,3,2,132,6,Lost
CUST00927,45,17,1149.72,67.63,2,5,5,255,12,At Risk
CUST00928,214,1,26.82,26.82,1,1,1,111,3,Hibernating
CUST00929,1,14,777.15,55.51,5,4,4,544,13,Champions
CUST00930,27,8,556.88,69.61,3,3,4,334,10,Loyal Customers
CUST00931,18,16,1205.68,75.36,4,5,5,455,14,Champions
CUST00932,17,6,249.31,41.55,4,3,3,433,10,Loyal Customers
CUST00933,34,4,298.15999999999997,74.54,3,2,3,323,8,Others
CUST00934,171,1,67.52,67.52,1,1,1,111,3,Hibernating
CUST00935,279,5,185.34,37.07,1,3,2,132,6,Lost
CUST00936,82,4,189.69,47.42,2,2,2,222,6,Hibernating
CUST00937,41,9,529.31,58.81,3,4,4,344,11,Loyal Customers
CUST00939,21,3,167.18,55.73,4,2,2,422,8,New Customers
CUST00940,21,7,449.98,64.28,4,3,4,434,11,Loyal Customers
CUST00941,197,1,26.75,26.75,1,1,1,111,3,Hibernating
CUST00942,5,7,344.29,49.18,5,3,3,533,11,Loyal Customers
CUST00943,3,2,86.33,43.16,5,1,1,511,7,New Customers
CUST00944,10,7,407.13,58.16,4,3,3,433,10,Loyal Customers
CUST00946,50,13,956.95,73.61,2,4,5,245,11,At Risk
CUST00947,40,1,43.34,43.34,3,1,1,311,5,Promising
CUST00948,128,9,324.15,36.02,1,4,3,143,8,At Risk
CUST00949,114,2,78.02,39.01,1,1,1,111,3,Hibernating
CUST00950,32,10,486.08,48.61,3,4,4,344,11,Loyal Customers
CUST00951,4,5,257.18,51.44,5,3,3,533,11,Loyal Customers
CUST00952,3,14,764.96,54.64,5,4,4,544,13,Champions
CUST00953,12,19,1395.05,73.42,4,5,5,455,14,Champions
CUST00954,3,11,458.46999999999997,41.68,5,4,4,544,13,Champions
CUST00955,42,1,52.8,52.8,3,1,1,311,5,Promising
CUST00956,14,1,31.78,31.78,4,1,1,411,6,New Customers
CUST00957,27,6,431.21999999999997,71.87,3,3,4,334,10,Loyal Customers
CUST00958,133,5,243.39,48.68,1,3,2,132,6,Lost
CUST00959,1,2,69.99,34.99,5,1,1,511,7,New Customers
CUST00960,28,12,916.0,76.33,3,4,5,345,12,Loyal Customers
CUST00961,54,1,27.03,27.03,2,1,1,211,4,Hibernating
CUST00962,3,8,293.44,36.68,5,3,3,533,11,Loyal Customers
CUST00963,185,3,161.35000000000002,53.78,1,2,2,122,5,Hibernating
CUST00965,453,1,17.1,17.1,1,1,1,111,3,Hibernating
CUST00966,95,8,421.01,52.63,1,3,4,134,8,At Risk
CUST00967,86,23,2077.08,90.31,1,5,5,155,11,At Risk
CUST00968,127,2,79.54,39.77,1,1,1,111,3,Hibernating
CUST00969,2,25,1664.87,66.59,5,5,5,555,15,Champions
CUST00970,64,1,20.23,20.23,2,1,1,211,4,Hibernating
CUST00971,5,26,1561.99,60.08,5,5,5,555,15,Champions
CUST00972,195,1,76.86,76.86,1,1,1,111,3,Hibernating
CUST00973,153,5,180.57,36.11,1,3,2,132,6,Lost
CUST00974,19,5,373.65,74.73,4,3,3,433,10,Loyal Customers
CUST00975,20,1,11.5,11.5,4,1,1,411,6,New Customers
CUST00976,9,2,119.18,59.59,5,1,2,512,8,New Customers
CUST00977,25,22,1332.8,60.58,3,5,5,355,13,Loyal Customers
CUST00978,63,4,125.61,31.4,2,2,2,222,6,Hibernating
CUST00980,76,8,470.58000000000004,58.82,2,3,4,234,9,At Risk
CUST00981,8,15,1017.1,67.81,5,5,5,555,15,Champions
CUST00982,69,12,730.87,60.91,2,4,4,244,10,At Risk
CUST00983,1,28,1848.49,66.02,5,5,5,555,15,Champions
CUST00984,87,10,384.82,38.48,1,4,3,143,8,At Risk
CUST00985,52,28,2024.08,72.29,2,5,5,255,12,At Risk
CUST00986,8,33,2435.19,73.79,5,5,5,555,15,Champions
CUST00987,22,2,112.78,56.39,4,1,2,412,7,New Customers
CUST00989,4,5,209.45999999999998,41.89,5,3,2,532,10,Others
CUST00990,9,4,188.7,47.18,5,2,2,522,9,New Customers
CUST00991,45,8,505.37,63.17,2,3,4,234,9,At Risk
CUST00992,109,1,102.2,102.2,1,1,1,111,3,Hibernating
CUST00993,46,10,401.93,40.19,2,4,3,243,9,At Risk
CUST00994,16,11,485.39,44.13,4,4,4,444,12,Champions
CUST00995,31,7,316.44,45.21,3,3,3,333,9,Loyal Customers
CUST00996,94,6,229.10000000000002,38.18,1,3,2,132,6,Lost
CUST00997,47,19,1218.58,64.14,2,5,5,255,12,At Risk
CUST00998,24,2,116.67,58.34,3,1,2,312,6,Promising
CUST00999,37,18,948.74,52.71,3,5,5,355,13,Loyal Customers
CUST01000,135,1,59.42,59.42,1,1,1,111,3,Hibernating
CUST01001,217,1,41.85,41.85,1,1,1,111,3,Hibernating
CUST01002,3,18,872.09,48.45,5,5,5,555,15,Champions
CUST01004,46,5,230.69,46.14,2,3,2,232,7,Others
CUST01005,424,1,42.61,42.61,1,1,1,111,3,Hibernating
CUST01007,8,7,290.81,41.54,5,3,3,533,11,Loyal Customers
CUST01009,12,9,321.13,35.68,4,4,3,443,11,Loyal Customers
CUST01010,41,17,908.36,53.43,3,5,5,355,13,Loyal Customers
CUST01011,126,6,331.76,55.29,1,3,3,133,7,At Risk
CUST01012,15,7,333.55,47.65,4,3,3,433,10,Loyal Customers
CUST01013,18,7,473.83,67.69,4,3,4,434,11,Loyal Customers
CUST01015,92,7,238.71,34.1,1,3,2,132,6,Lost
CUST01016,2,2,82.45,41.22,5,1,1,511,7,New Customers
CUST01017,251,1,16.6,16.6,1,1,1,111,3,Hibernating
CUST01018,7,6,161.35,26.89,5,3,2,532,10,Others
CUST01019,3,23,1582.16,68.79,5,5,5,555,15,Champions
CUST01020,44,1,49.96,49.96,2,1,1,211,4,Hibernating
CUST01021,39,7,300.33,42.9,3,3,3,333,9,Loyal Customers
CUST01022,47,9,367.19,40.8,2,4,3,243,9,At Risk
CUST01023,95,6,366.37,61.06,1,3,3,133,7,At Risk
CUST01024,12,9,527.12,58.57,4,4,4,444,12,Champions
CUST01025,32,12,731.61,60.97,3,4,4,344,11,Loyal Customers
CUST01026,121,17,905.5699999999999,53.27,1,5,5,155,11,At Risk
CUST01027,15,6,326.45,54.41,4,3,3,433,10,Loyal Customers
CUST01028,32,6,406.42,67.74,3,3,3,333,9,Loyal Customers
CUST01029,196,5,246.14,49.23,1,3,3,133,7,At Risk
CUST01030,78,17,1192.53,70.15,2,5,5,255,12,At Risk
CUST01031,24,8,670.97,83.87,3,3,4,334,10,Loyal Customers
CUST01032,102,9,550.34,61.15,1,4,4,144,9,At Risk
CUST01034,9,7,346.81,49.54,5,3,3,533,11,Loyal Customers
CUST01035,48,8,520.6899999999999,65.09,2,3,4,234,9,At Risk
CUST01036,18,12,867.99,72.33,4,4,5,445,13,Champions
CUST01037,38,4,225.28,56.32,3,2,2,322,7,Promising
CUST01040,50,34,2630.5,77.37,2,5,5,255,12,At Risk
CUST01043,2,17,847.24,49.84,5,5,5,555,15,Champions
CUST01044,1,15,985.13,65.68,5,5,5,555,15,Champions
CUST01045,21,6,305.72,50.95,4,3,3,433,10,Loyal Customers
CUST01046,76,14,927.38,66.24,2,4,5,245,11,At Risk
CUST01047,62,3,94.68,31.56,2,2,1,221,5,Hibernating
CUST01048,122,2,61.43,30.72,1,1,1,111,3,Hibernating
CUST01049,279,1,33.36,33.36,1,1,1,111,3,Hibernating
CUST01050,98,3,181.32,60.44,1,2,2,122,5,Hibernating
CUST01051,28,5,199.87,39.97,3,3,2,332,8,Needs Attention
CUST01053,12,10,480.84,48.08,4,4,4,444,12,Champions
CUST01054,33,6,341.67999999999995,56.95,3,3,3,333,9,Loyal Customers
CUST01055,53,7,394.71000000000004,56.39,2,3,3,233,8,At Risk
CUST01058,141,15,899.46,59.96,1,5,5,155,11,At Risk
CUST01059,19,7,299.65999999999997,42.81,4,3,3,433,10,Loyal Customers
CUST01060,25,12,591.05,49.25,3,4,4,344,11,Loyal Customers
CUST01061,153,2,134.57,67.28,1,1,2,112,4,Hibernating
CUST01062,98,1,49.54,49.54,1,1,1,111,3,Hibernating
CUST01064,4,24,1713.75,71.41,5,5,5,555,15,Champions
CUST01065,85,1,29.17,29.17,2,1,1,211,4,Hibernating
CUST01066,30,14,799.57,57.11,3,4,4,344,11,Loyal Customers
CUST01067,22,22,1615.01,73.41,4,5,5,455,14,Champions
CUST01069,42,8,259.76,32.47,3,3,3,333,9,Loyal Customers
CUST01070,27,6,313.65,52.28,3,3,3,333,9,Loyal Customers
CUST01073,50,1,98.93,98.93,2,1,1,211,4,Hibernating
CUST01076,50,16,1028.95,64.31,2,5,5,255,12,At Risk
CUST01077,118,9,364.73,40.53,1,4,3,143,8,At Risk
CUST01078,9,33,1874.53,56.8,5,5,5,555,15,Champions
CUST01079,24,3,183.77,61.26,3,2,2,322,7,Promising
CUST01080,65,2,84.12,42.06,2,1,1,211,4,Hibernating
CUST01081,36,16,959.86,59.99,3,5,5,355,13,Loyal Customers
CUST01082,182,10,447.14,44.71,1,4,4,144,9,At Risk
CUST01083,73,7,263.12,37.59,2,3,3,233,8,At Risk
CUST01084,7,10,687.66,68.77,5,4,4,544,13,Champions
CUST01085,61,2,85.94999999999999,42.97,2,1,1,211,4,Hibernating
CUST01086,75,10,513.3,51.33,2,4,4,244,10,At Risk
CUST01087,239,1,54.62,54.62,1,1,1,111,3,Hibernating
CUST01088,32,22,1396.16,63.46,3,5,5,355,13,Loyal Customers
CUST01089,19,9,737.8299999999999,81.98,4,4,4,444,12,Champions
CUST01090,27,2,246.66000000000003,123.33,3,1,3,313,7,Others
CUST01091,1,26,1603.21,61.66,5,5,5,555,15,Champions
CUST01092,75,6,268.15,44.69,2,3,3,233,8,At Risk
CUST01093,98,1,33.78,33.78,1,1,1,111,3,Hibernating
CUST01095,93,3,67.43,22.48,1,2,1,121,4,Hibernating
CUST01096,52,10,442.27,44.23,2,4,4,244,10,At Risk
CUST01097,14,3,161.2,53.73,4,2,2,422,8,New Customers
CUST01098,23,13,653.62,50.28,4,4,4,444,12,Champions
CUST01099,13,5,236.97,47.39,4,3,2,432,9,Others
CUST01101,112,9,354.55,39.39,1,4,3,143,8,At Risk
CUST01102,194,5,218.69,43.74,1,3,2,132,6,Lost
CUST01103,38,7,361.09,51.58,3,3,3,333,9,Loyal Customers
CUST01104,100,10,380.78,38.08,1,4,3,143,8,At Risk
CUST01105,10,17,845.66,49.74,4,5,5,455,14,Champions
CUST01107,7,9,288.45,32.05,5,4,3,543,12,Loyal Customers
CUST01108,41,15,730.18,48.68,3,5,4,354,12,Loyal Customers
CUST01109,9,1,24.43,24.43,5,1,1,511,7,New Customers
CUST01110,30,7,271.69,38.81,3,3,3,333,9,Loyal Customers
CUST01111,16,3,290.64,96.88,4,2,3,423,9,New Customers
CUST01112,2,5,264.25,52.85,5,3,3,533,11,Loyal Customers
CUST01114,58,14,708.22,50.59,2,4,4,244,10,At Risk
CUST01115,29,19,1328.71,69.93,3,5,5,355,13,Loyal Customers
CUST01116,17,4,401.36,100.34,4,2,3,423,9,New Customers
CUST01117,6,7,412.84,58.98,5,3,3,533,11,Loyal Customers
CUST01118,7,8,401.77,50.22,5,3,3,533,11,Loyal Customers
CUST01120,62,4,141.02,35.26,2,2,2,222,6,Hibernating
CUST01121,54,21,1401.37,66.73,2,5,5,255,12,At Risk
CUST01122,34,2,61.629999999999995,30.82,3,1,1,311,5,Promising
CUST01123,6,7,317.24,45.32,5,3,3,533,11,Loyal Customers
CUST01124,616,1,37.54,37.54,1,1,1,111,3,Hibernating
CUST01125,32,23,1941.81,84.43,3,5,5,355,13,Loyal Customers
CUST01126,312,5,126.16,25.23,1,3,2,132,6,Lost
CUST01127,29,17,1212.23,71.31,3,5,5,355,13,Loyal Customers
CUST01128,227,6,208.84,34.81,1,3,2,132,6,Lost
CUST01129,137,2,105.57,52.78,1,1,1,111,3,Hibernating
CUST01130,158,2,88.25,44.12,1,1,1,111,3,Hibernating
CUST01131,8,33,2573.89,78.0,5,5,5,555,15,Champions
CUST01132,103,4,168.57999999999998,42.14,1,2,2,122,5,Hibernating
CUST01133,93,15,776.89,51.79,1,5,4,154,10,At Risk
CUST01134,9,1,63.31,63.31,5,1,1,511,7,New Customers
CUST01135,13,2,77.6,38.8,4,1,1,411,6,New Customers
CUST01137,85,8,417.37,52.17,2,3,3,233,8,At Risk
CUST01138,2,1,35.58,35.58,5,1,1,511,7,New Customers
CUST01139,76,12,704.37,58.7,2,4,4,244,10,At Risk
CUST01140,89,2,156.01,78.0,1,1,2,112,4,Hibernating
CUST01142,49,33,2119.5299999999997,64.23,2,5,5,255,12,At Risk
CUST01143,19,22,1585.04,72.05,4,5,5,455,14,Champions
CUST01144,2,11,677.22,61.57,5,4,4,544,13,Champions
CUST01145,24,3,162.5,54.17,3,2,2,322,7,Promising
CUST01147,10,11,530.28,48.21,4,4,4,444,12,Champions
CUST01148,2,3,255.04000000000002,85.01,5,2,3,523,10,New Customers
CUST01150,121,15,889.59,59.31,1,5,5,155,11,At Risk
CUST01151,3,14,738.48,52.75,5,4,4,544,13,Champions
CUST01152,12,8,601.6800000000001,75.21,4,3,4,434,11,Loyal Customers
CUST01153,384,1,26.87,26.87,1,1,1,111,3,Hibernating
CUST01154,386,1,37.65,37.65,1,1,1,111,3,Hibernating
CUST01155,31,26,1977.8600000000001,76.07,3,5,5,355,13,Loyal Customers
CUST01156,22,7,375.54,53.65,4,3,3,433,10,Loyal Customers
CUST01158,29,1,27.5,27.5,3,1,1,311,5,Promising
CUST01159,11,8,444.51,55.56,4,3,4,434,11,Loyal Customers
CUST01160,57,6,282.88,47.15,2,3,3,233,8,At Risk
CUST01162,22,7,595.29,85.04,4,3,4,434,11,Loyal Customers
CUST01163,27,10,424.69,42.47,3,4,4,344,11,Loyal Customers
CUST01164,32,3,175.36,58.45,3,2,2,322,7,Promising
CUST01166,15,39,2925.56,75.01,4,5,5,455,14,Champions
CUST01167,131,5,251.8,50.36,1,3,3,133,7,At Risk
CUST01168,36,8,580.15,72.52,3,3,4,334,10,Loyal Customers
CUST01169,146,1,47.0,47.0,1,1,1,111,3,Hibernating
CUST01170,21,13,595.0,45.77,4,4,4,444,12,Champions
CUST01172,54,5,245.53,49.11,2,3,3,233,8,At Risk
CUST01173,26,1,140.8,140.8,3,1,2,312,6,Promising
CUST01174,38,13,909.66,69.97,3,4,5,345,12,Loyal Customers
CUST01175,3,1,97.91,97.91,5,1,1,511,7,New Customers
CUST01176,31,6,176.91,29.48,3,3,2,332,8,Needs Attention
CUST01177,15,11,496.7,45.15,4,4,4,444,12,Champions
CUST01178,6,1,17.79,17.79,5,1,1,511,7,New Customers
CUST01179,4,10,560.1,56.01,5,4,4,544,13,Champions
CUST01181,106,8,339.26,42.41,1,3,3,133,7,At Risk
CUST01182,73,4,245.24,61.31,2,2,3,223,7,Others
CUST01184,24,19,1538.4,80.97,3,5,5,355,13,Loyal Customers
CUST01185,17,5,191.32,38.26,4,3,2,432,9,Others
CUST01186,69,11,426.03,38.73,2,4,4,244,10,At Risk
CUST01187,6,15,1088.67,72.58,5,5,5,555,15,Champions
CUST01188,4,9,687.19,76.35,5,4,4,544,13,Champions
CUST01189,64,13,692.71,53.29,2,4,4,244,10,At Risk
CUST01190,3,2,62.010000000000005,31.01,5,1,1,511,7,New Customers
CUST01192,64,9,387.64,43.07,2,4,3,243,9,At Risk
CUST01194,8,3,104.82,34.94,5,2,1,521,8,New Customers
CUST01195,80,2,194.34,97.17,2,1,2,212,5,Hibernating
CUST01196,138,3,170.98,56.99,1,2,2,122,5,Hibernating
CUST01198,1,9,360.74,40.08,5,4,3,543,12,Loyal Customers
CUST01199,176,5,205.33,41.07,1,3,2,132,6,Lost
CUST01200,47,5,180.02,36.0,2,3,2,232,7,Others
CUST01201,85,1,49.56,49.56,2,1,1,211,4,Hibernating
CUST01202,2,7,258.88,36.98,5,3,3,533,11,Loyal Customers
CUST01204,169,6,235.17000000000002,39.2,1,3,2,132,6,Lost
CUST01205,3,2,174.94,87.47,5,1,2,512,8,New Customers
CUST01206,34,5,324.07,64.81,3,3,3,333,9,Loyal Customers
CUST01207,88,9,532.08,59.12,1,4,4,144,9,At Risk
CUST01209,37,20,1205.26,60.26,3,5,5,355,13,Loyal Customers
CUST01210,18,38,3213.15,84.56,4,5,5,455,14,Champions
CUST01211,45,5,402.44000000000005,80.49,2,3,3,233,8,At Risk
CUST01213,1,40,2946.92,73.67,5,5,5,555,15,Champions
CUST01214,42,18,1127.65,62.65,3,5,5,355,13,Loyal Customers
CUST01215,4,9,677.62,75.29,5,4,4,544,13,Champions
CUST01216,12,7,320.48,45.78,4,3,3,433,10,Loyal Customers
CUST01217,23,1,106.27,106.27,4,1,1,411,6,New Customers
CUST01218,37,2,88.67,44.34,3,1,1,311,5,Promising
CUST01219,8,8,367.19,45.9,5,3,3,533,11,Loyal Customers
CUST01221,20,11,554.13,50.38,4,4,4,444,12,Champions
CUST01222,121,1,50.12,50.12,1,1,1,111,3,Hibernating
CUST01223,22,24,1340.84,55.87,4,5,5,455,14,Champions
CUST01224,8,11,603.4,54.85,5,4,4,544,13,Champions
CUST01225,108,6,330.0,55.0,1,3,3,133,7,At Risk
CUST01226,50,10,444.57,44.46,2,4,4,244,10,At Risk
CUST01227,69,27,1869.92,69.26,2,5,5,255,12,At Risk
CUST01228,69,8,358.42,44.8,2,3,3,233,8,At Risk
CUST01229,1,23,1941.74,84.42,5,5,5,555,15,Champions
CUST01230,6,5,189.06,37.81,5,3,2,532,10,Others
CUST01232,21,12,612.37,51.03,4,4,4,444,12,Champions
CUST01233,16,3,155.3,51.77,4,2,2,422,8,New Customers
CUST01234,62,19,923.77,48.62,2,5,5,255,12,At Risk
CUST01235,43,7,295.6,42.23,2,3,3,233,8,At Risk
CUST01236,19,1,54.43,54.43,4,1,1,411,6,New Customers
CUST01237,34,1,36.93,36.93,3,1,1,311,5,Promising
CUST01238,100,1,95.64,95.64,1,1,1,111,3,Hibernating
CUST01239,4,9,624.5500000000001,69.39,5,4,4,544,13,Champions
CUST01240,143,5,222.28,44.46,1,3,2,132,6,Lost
CUST01241,125,2,80.83000000000001,40.42,1,1,1,111,3,Hibernating
CUST01243,82,12,605.23,50.44,2,4,4,244,10,At Risk
CUST01244,9,4,86.53,21.63,5,2,1,521,8,New Customers
CUST01245,9,3,116.99,39.0,5,2,2,522,9,New Customers
CUST01246,14,5,481.43,96.29,4,3,4,434,11,Loyal Customers
CUST01247,67,6,309.52,51.59,2,3,3,233,8,At Risk
CUST01248,33,12,640.1899999999999,53.35,3,4,4,344,11,Loyal Customers
CUST01249,276,2,45.93,22.96,1,1,1,111,3,Hibernating
CUST01250,37,2,35.63,17.82,3,1,1,311,5,Promising
CUST01251,52,21,1164.5,55.45,2,5,5,255,12,At Risk
CUST01252,136,3,115.78,38.59,1,2,2,122,5,Hibernating
CUST01253,235,5,224.42,44.88,1,3,2,132,6,Lost
CUST01254,11,11,492.74,44.79,4,4,4,444,12,Champions
CUST01255,4,32,2165.41,67.67,5,5,5,555,15,Champions
CUST01256,115,13,680.77,52.37,1,4,4,144,9,At Risk
CUST01257,23,7,321.05,45.86,4,3,3,433,10,Loyal Customers
CUST01258,58,5,244.24,48.85,2,3,3,233,8,At Risk
CUST01259,10,37,2269.68,61.34,4,5,5,455,14,Champions
CUST01260,71,2,126.50999999999999,63.26,2,1,2,212,5,Hibernating
CUST01261,6,10,513.8,51.38,5,4,4,544,13,Champions
CUST01262,91,1,28.84,28.84,1,1,1,111,3,Hibernating
CUST01263,39,4,182.95,45.74,3,2,2,322,7,Promising
CUST01264,38,13,673.46,51.8,3,4,4,344,11,Loyal Customers
CUST01265,46,12,718.92,59.91,2,4,4,244,10,At Risk
CUST01266,96,9,440.61,48.96,1,4,4,144,9,At Risk
CUST01267,27,2,106.36,53.18,3,1,2,312,6,Promising
CUST01268,20,9,442.53,49.17,4,4,4,444,12,Champions
CUST01269,25,4,288.32,72.08,3,2,3,323,8,Others
CUST01270,4,21,1421.11,67.67,5,5,5,555,15,Champions
CUST01271,105,1,130.89,130.89,1,1,2,112,4,Hibernating
CUST01272,22,13,695.94,53.53,4,4,4,444,12,Champions
CUST01273,47,1,17.3,17.3,2,1,1,211,4,Hibernating
CUST01274,59,8,344.91,43.11,2,3,3,233,8,At Risk
CUST01275,76,2,102.03999999999999,51.02,2,1,1,211,4,Hibernating
CUST01276,61,14,778.26,55.59,2,4,4,244,10,At Risk
CUST01277,92,7,581.44,83.06,1,3,4,134,8,At Risk
CUST01279,124,1,29.91,29.91,1,1,1,111,3,Hibernating
CUST01280,40,5,181.91,36.38,3,3,2,332,8,Needs Attention
CUST01281,14,9,409.77,45.53,4,4,3,443,11,Loyal Customers
CUST01282,17,9,494.12,54.9,4,4,4,444,12,Champions
CUST01283,17,5,208.10999999999999,41.62,4,3,2,432,9,Others
CUST01284,2,6,311.83000000000004,51.97,5,3,3,533,11,Loyal Customers
CUST01285,6,7,339.96000000000004,48.57,5,3,3,533,11,Loyal Customers
CUST01286,425,1,75.49,75.49,1,1,1,111,3,Hibernating
CUST01287,22,2,166.07999999999998,83.04,4,1,2,412,7,New Customers
CUST01288,284,3,60.519999999999996,20.17,1,2,1,121,4,Hibernating
CUST01289,13,30,2035.14,67.84,4,5,5,455,14,Champions
CUST01290,54,7,395.62,56.52,2,3,3,233,8,At Risk
CUST01291,20,3,102.16,34.05,4,2,1,421,7,New Customers
CUST01292,31,3,113.66,37.89,3,2,2,322,7,Promising
CUST01293,9,9,543.66,60.41,5,4,4,544,13,Champions
CUST01294,31,6,233.7,38.95,3,3,2,332,8,Needs Attention
CUST01295,31,6,333.24,55.54,3,3,3,333,9,Loyal Customers
CUST01296,15,3,196.79000000000002,65.6,4,2,2,422,8,New Customers
CUST01297,5,18,1068.74,59.37,5,5,5,555,15,Champions
CUST01298,2,9,374.86,41.65,5,4,3,543,12,Loyal Customers
CUST01299,307,3,102.09,34.03,1,2,1,121,4,Hibernating
CUST01300,5,10,578.55,57.86,5,4,4,544,13,Champions
CUST01302,16,7,210.39000000000001,30.06,4,3,2,432,9,Others
CUST01303,35,10,837.2,83.72,3,4,5,345,12,Loyal Customers
CUST01304,26,9,734.12,81.57,3,4,4,344,11,Loyal Customers
CUST01305,39,10,423.1,42.31,3,4,4,344,11,Loyal Customers
CUST01306,85,5,222.5,44.5,2,3,2,232,7,Others
CUST01308,12,19,1384.24,72.85,4,5,5,455,14,Champions
CUST01309,9,2,120.46,60.23,5,1,2,512,8,New Customers
CUST01310,7,17,1368.05,80.47,5,5,5,555,15,Champions
CUST01311,4,17,1186.51,69.79,5,5,5,555,15,Champions
CUST01312,37,2,94.12,47.06,3,1,1,311,5,Promising
CUST01313,2,7,294.78000000000003,42.11,5,3,3,533,11,Loyal Customers
CUST01314,27,1,21.94,21.94,3,1,1,311,5,Promising
CUST01315,43,16,770.66,48.17,2,5,4,254,11,At Risk
CUST01316,25,6,363.64,60.61,3,3,3,333,9,Loyal Customers
CUST01317,13,1,70.33,70.33,4,1,1,411,6,New Customers
CUST01319,9,11,450.84,40.99,5,4,4,544,13,Champions
CUST01320,54,1,74.58,74.58,2,1,1,211,4,Hibernating
CUST01321,4,8,663.26,82.91,5,3,4,534,12,Loyal Customers
CUST01322,17,1,8.44,8.44,4,1,1,411,6,New Customers
CUST01323,87,8,400.53,50.07,1,3,3,133,7,At Risk
CUST01324,21,5,355.61,71.12,4,3,3,433,10,Loyal Customers
CUST01325,79,18,1066.12,59.23,2,5,5,255,12,At Risk
CUST01326,2,17,1116.84,65.7,5,5,5,555,15,Champions
CUST01327,8,22,1220.74,55.49,5,5,5,555,15,Champions
CUST01328,58,7,305.09999999999997,43.59,2,3,3,233,8,At Risk
CUST01329,96,1,42.38,42.38,1,1,1,111,3,Hibernating
CUST01330,82,4,191.84,47.96,2,2,2,222,6,Hibernating
CUST01331,4,2,68.09,34.04,5,1,1,511,7,New Customers
CUST01332,34,4,343.76,85.94,3,2,3,323,8,Others
CUST01333,2,10,461.56,46.16,5,4,4,544,13,Champions
CUST01334,121,1,23.98,23.98,1,1,1,111,3,Hibernating
CUST01335,15,11,477.51,43.41,4,4,4,444,12,Champions
CUST01336,72,22,1590.83,72.31,2,5,5,255,12,At Risk
CUST01337,6,14,547.82,39.13,5,4,4,544,13,Champions
CUST01338,63,6,240.21,40.04,2,3,2,232,7,Others
CUST01339,37,3,244.41,81.47,3,2,3,323,8,Others
CUST01340,5,29,2018.32,69.6,5,5,5,555,15,Champions
CUST01341,101,4,143.95,35.99,1,2,2,122,5,Hibernating
CUST01343,30,30,2378.09,79.27,3,5,5,355,13,Loyal Customers
CUST01344,3,12,494.12,41.18,5,4,4,544,13,Champions
CUST01345,23,4,142.05,35.51,4,2,2,422,8,New Customers
CUST01346,10,29,2139.1,73.76,4,5,5,455,14,Champions
CUST01347,12,18,1104.09,61.34,4,5,5,455,14,Champions
CUST01348,20,1,47.41,47.41,4,1,1,411,6,New Customers
CUST01350,24,27,1869.82,69.25,3,5,5,355,13,Loyal Customers
CUST01351,46,2,132.29000000000002,66.15,2,1,2,212,5,Hibernating
CUST01352,68,14,682.89,48.78,2,4,4,244,10,At Risk
CUST01353,23,16,963.7,60.23,4,5,5,455,14,Champions
CUST01354,5,15,621.3,41.42,5,5,4,554,14,Champions
CUST01355,24,16,896.77,56.05,3,5,5,355,13,Loyal Customers
CUST01356,74,3,60.78,20.26,2,2,1,221,5,Hibernating
CUST01357,82,1,15.44,15.44,2,1,1,211,4,Hibernating
CUST01358,45,4,152.57,38.14,2,2,2,222,6,Hibernating
CUST01360,66,3,144.9,48.3,2,2,2,222,6,Hibernating
CUST01362,139,2,81.44,40.72,1,1,1,111,3,Hibernating
CUST01363,69,4,193.8,48.45,2,2,2,222,6,Hibernating
CUST01364,68,3,217.24,72.41,2,2,2,222,6,Hibernating
CUST01365,68,6,304.94,50.82,2,3,3,233,8,At Risk
CUST01366,33,5,301.99,60.4,3,3,3,333,9,Loyal Customers
CUST01368,11,34,2389.66,70.28,4,5,5,455,14,Champions
CUST01369,45,2,100.15,50.08,2,1,1,211,4,Hibernating
CUST01370,27,4,74.12,18.53,3,2,1,321,6,Promising
CUST01371,244,9,354.19,39.35,1,4,3,143,8,At Risk
CUST01372,30,18,1273.61,70.76,3,5,5,355,13,Loyal Customers
CUST01373,40,3,121.55000000000001,40.52,3,2,2,322,7,Promising
CUST01374,5,27,2120.6,78.54,5,5,5,555,15,Champions
CUST01375,25,4,295.22,73.81,3,2,3,323,8,Others
CUST01376,2,7,206.07,29.44,5,3,2,532,10,Others
CUST01377,60,6,365.14,60.86,2,3,3,233,8,At Risk
CUST01378,45,15,923.74,61.58,2,5,5,255,12,At Risk
CUST01379,10,5,162.53,32.51,4,3,2,432,9,Others
CUST01380,236,6,374.63,62.44,1,3,3,133,7,At Risk
CUST01382,56,12,792.0,66.0,2,4,4,244,10,At Risk
CUST01383,57,5,168.43,33.69,2,3,2,232,7,Others
CUST01384,26,19,932.88,49.1,3,5,5,355,13,Loyal Customers
CUST01385,222,1,33.62,33.62,1,1,1,111,3,Hibernating
CUST01387,24,1,112.11,112.11,3,1,2,312,6,Promising
CUST01388,15,6,383.28000000000003,63.88,4,3,3,433,10,Loyal Customers
CUST01389,116,9,557.98,62.0,1,4,4,144,9,At Risk
CUST01390,30,7,475.45,67.92,3,3,4,334,10,Loyal Customers
CUST01391,2,39,2957.64,75.84,5,5,5,555,15,Champions
CUST01392,15,10,501.45,50.14,4,4,4,444,12,Champions
CUST01393,21,1,31.27,31.27,4,1,1,411,6,New Customers
CUST01395,46,3,270.14,90.05,2,2,3,223,7,Others
CUST01396,150,1,101.66,101.66,1,1,1,111,3,Hibernating
CUST01398,91,2,69.45,34.72,1,1,1,111,3,Hibernating
CUST01399,94,2,134.43,67.22,1,1,2,112,4,Hibernating
CUST01400,102,4,333.05,83.26,1,2,3,123,6,Lost
CUST01401,246,1,50.81,50.81,1,1,1,111,3,Hibernating
CUST01402,47,2,106.3,53.15,2,1,1,211,4,Hibernating
CUST01403,13,19,1159.75,61.04,4,5,5,455,14,Champions
CUST01406,79,3,78.00999999999999,26.0,2,2,1,221,5,Hibernating
CUST01407,152,7,273.04,39.01,1,3,3,133,7,At Risk
CUST01408,26,8,252.48000000000002,31.56,3,3,3,333,9,Loyal Customers
CUST01409,176,4,246.63,61.66,1,2,3,123,6,Lost
CUST01410,34,4,274.23,68.56,3,2,3,323,8,Others
CUST01412,47,2,81.25,40.62,2,1,1,211,4,Hibernating
CUST01414,20,22,1065.51,48.43,4,5,5,455,14,Champions
CUST01415,80,13,672.26,51.71,2,4,4,244,10,At Risk
CUST01416,67,2,131.70999999999998,65.85,2,1,2,212,5,Hibernating
CUST01418,16,2,113.33,56.66,4,1,2,412,7,New Customers
CUST01419,12,8,277.2,34.65,4,3,3,433,10,Loyal Customers
CUST01420,7,31,1591.97,51.35,5,5,5,555,15,Champions
CUST01421,38,1,34.98,34.98,3,1,1,311,5,Promising
CUST01422,76,2,67.19,33.6,2,1,1,211,4,Hibernating
CUST01423,5,1,38.42,38.42,5,1,1,511,7,New Customers
CUST01424,6,8,421.08000000000004,52.64,5,3,4,534,12,Loyal Customers
CUST01425,36,2,55.910000000000004,27.96,3,1,1,311,5,Promising
CUST01426,65,3,162.97,54.32,2,2,2,222,6,Hibernating
CUST01427,3,15,602.3,40.15,5,5,4,554,14,Champions
CUST01428,10,3,178.44,59.48,4,2,2,422,8,New Customers
CUST01429,176,1,46.74,46.74,1,1,1,111,3,Hibernating
CUST01430,31,3,159.01999999999998,53.01,3,2,2,322,7,Promising
CUST01431,24,6,334.78999999999996,55.8,3,3,3,333,9,Loyal Customers
CUST01432,81,3,171.24,57.08,2,2,2,222,6,Hibernating
CUST01433,199,9,404.53999999999996,44.95,1,4,3,143,8,At Risk
CUST01434,2,4,167.57999999999998,41.9,5,2,2,522,9,New Customers
CUST01435,75,5,254.62,50.92,2,3,3,233,8,At Risk
CUST01436,17,1,77.9,77.9,4,1,1,411,6,New Customers
CUST01437,37,2,112.27000000000001,56.14,3,1,2,312,6,Promising
CUST01438,61,15,1063.46,70.9,2,5,5,255,12,At Risk
CUST01439,24,8,578.5,72.31,3,3,4,334,10,Loyal Customers
CUST01440,157,3,100.78,33.59,1,2,1,121,4,Hibernating
CUST01441,18,2,55.730000000000004,27.86,4,1,1,411,6,New Customers
CUST01442,114,5,219.19,43.84,1,3,2,132,6,Lost
CUST01443,15,7,507.52,72.5,4,3,4,434,11,Loyal Customers
CUST01444,69,1,79.32,79.32,2,1,1,211,4,Hibernating
CUST01445,37,9,699.19,77.69,3,4,4,344,11,Loyal Customers
CUST01446,36,7,347.12,49.59,3,3,3,333,9,Loyal Customers
CUST01448,52,16,969.31,60.58,2,5,5,255,12,At Risk
CUST01449,26,10,607.71,60.77,3,4,4,344,11,Loyal Customers
CUST01450,55,38,2430.13,63.95,2,5,5,255,12,At Risk
CUST01451,2,2,76.14,38.07,5,1,1,511,7,New Customers
CUST01452,26,7,339.40000000000003,48.49,3,3,3,333,9,Loyal Customers
CUST01453,2,8,381.03,47.63,5,3,3,533,11,Loyal Customers
CUST01454,6,3,287.26,95.75,5,2,3,523,10,New Customers
CUST01455,60,20,1006.0699999999999,50.3,2,5,5,255,12,At Risk
CUST01456,14,12,624.73,52.06,4,4,4,444,12,Champions
CUST01457,200,2,43.37,21.68,1,1,1,111,3,Hibernating
CUST01458,12,1,21.63,21.63,4,1,1,411,6,New Customers
CUST01459,38,5,250.56,50.11,3,3,3,333,9,Loyal Customers
CUST01460,87,3,112.38,37.46,1,2,2,122,5,Hibernating
CUST01461,189,7,139.63,19.95,1,3,2,132,6,Lost
CUST01462,69,1,30.77,30.77,2,1,1,211,4,Hibernating
CUST01463,4,27,1936.6399999999999,71.73,5,5,5,555,15,Champions
CUST01464,23,24,1735.43,72.31,4,5,5,455,14,Champions
CUST01465,85,7,390.3,55.76,2,3,3,233,8,At Risk
CUST01467,23,21,940.81,44.8,4,5,5,455,14,Champions
CUST01468,96,18,1021.04,56.72,1,5,5,155,11,At Risk
CUST01469,5,5,228.17000000000002,45.63,5,3,2,532,10,Others
CUST01470,5,24,1556.45,64.85,5,5,5,555,15,Champions
CUST01472,6,3,341.23,113.74,5,2,3,523,10,New Customers
CUST01473,7,4,213.73000000000002,53.43,5,2,2,522,9,New Customers
CUST01474,23,10,734.88,73.49,4,4,4,444,12,Champions
CUST01475,31,1,56.15,56.15,3,1,1,311,5,Promising
CUST01476,39,17,829.56,48.8,3,5,4,354,12,Loyal Customers
CUST01477,178,8,347.70000000000005,43.46,1,3,3,133,7,At Risk
CUST01478,75,6,181.39000000000001,30.23,2,3,2,232,7,Others
CUST01479,67,12,610.58,50.88,2,4,4,244,10,At Risk
CUST01480,15,6,374.1,62.35,4,3,3,433,10,Loyal Customers
CUST01481,183,13,734.03,56.46,1,4,4,144,9,At Risk
CUST01482,8,25,1948.59,77.94,5,5,5,555,15,Champions
CUST01483,36,2,129.78,64.89,3,2,2,322,7,Promising
CUST01484,15,25,1808.88,72.36,4,5,5,455,14,Champions
CUST01485,2,1,82.0,82.0,5,1,1,511,7,New Customers
CUST01486,5,2,124.1,62.05,5,2,2,522,9,New Customers
CUST01487,5,7,328.13,46.88,5,3,3,533,11,Loyal Customers
CUST01488,6,3,314.56,104.85,5,2,3,523,10,New Customers
CUST01490,25,16,1455.79,90.99,3,5,5,355,13,Loyal Customers
CUST01491,30,10,476.49,47.65,3,4,4,344,11,Loyal Customers
CUST01492,55,3,105.25,35.08,2,2,1,221,5,Hibernating
CUST01493,17,21,996.94,47.47,4,5,5,455,14,Champions
CUST01494,2,10,470.45,47.04,5,4,4,544,13,Champions
CUST01495,11,2,58.78,29.39,4,2,1,421,7,New Customers
CUST01496,13,11,713.57,64.87,4,4,4,444,12,Champions
CUST01498,18,16,913.79,57.11,4,5,5,455,14,Champions
CUST01499,116,17,857.06,50.42,1,5,5,155,11,At Risk
CUST01500,2,11,400.6,36.42,5,4,3,543,12,Loyal Customers
CUST01501,32,28,2064.34,73.73,3,5,5,355,13,Loyal Customers
CUST01502,63,20,1432.34,71.62,2,5,5,255,12,At Risk
CUST01503,88,4,99.99,25.0,1,2,1,121,4,Hibernating
CUST01504,252,1,17.57,17.57,1,1,1,111,3,Hibernating
CUST01505,43,4,167.16,41.79,2,2,2,222,6,Hibernating
CUST01506,1,6,368.09,61.35,5,3,3,533,11,Loyal Customers
CUST01507,3,2,103.80000000000001,51.9,5,2,1,521,8,New Customers
CUST01508,21,16,983.51,61.47,4,5,5,455,14,Champions
CUST01509,60,8,413.88,51.74,2,3,3,233,8,At Risk
CUST01510,36,11,610.05,55.46,3,4,4,344,11,Loyal Customers
CUST01511,16,2,83.49000000000001,41.74,4,2,1,421,7,New Customers
CUST01513,160,1,50.68,50.68,1,1,1,111,3,Hibernating
CUST01514,270,1,47.35,47.35,1,1,1,111,3,Hibernating
CUST01517,5,16,807.85,50.49,5,5,4,554,14,Champions
CUST01518,156,2,90.13,45.06,1,2,1,121,4,Hibernating
CUST01519,15,9,502.14,55.79,4,4,4,444,12,Champions
CUST01520,40,11,453.53,41.23,3,4,4,344,11,Loyal Customers
CUST01521,153,1,38.44,38.44,1,1,1,111,3,Hibernating
CUST01523,1,2,130.31,65.16,5,2,2,522,9,New Customers
CUST01524,13,5,196.0,39.2,4,3,2,432,9,Others
CUST01525,31,6,334.15,55.69,3,3,3,333,9,Loyal Customers
CUST01526,51,36,2345.39,65.15,2,5,5,255,12,At Risk
CUST01528,62,7,218.26,31.18,2,3,2,232,7,Others
CUST01529,98,4,196.78,49.2,1,2,2,122,5,Hibernating
CUST01530,22,1,38.85,38.85,4,1,1,411,6,New Customers
CUST01531,47,5,453.65,90.73,2,3,4,234,9,At Risk
CUST01533,28,15,698.53,46.57,3,5,4,354,12,Loyal Customers
CUST01534,396,1,132.81,132.81,1,1,2,112,4,Hibernating
CUST01535,74,1,80.01,80.01,2,1,1,211,4,Hibernating
CUST01536,42,14,1012.43,72.32,3,4,5,345,12,Loyal Customers
CUST01537,17,3,60.349999999999994,20.12,4,2,1,421,7,New Customers
CUST01538,53,22,1320.3,60.01,2,5,5,255,12,At Risk
CUST01539,36,1,17.85,17.85,3,1,1,311,5,Promising
CUST01540,1,4,220.49,55.12,5,2,2,522,9,New Customers
CUST01541,1,1,101.0,101.0,5,1,1,511,7,New Customers
CUST01542,41,8,403.15,50.39,3,4,3,343,10,Loyal Customers
CUST01543,10,8,310.34,38.79,4,4,3,443,11,Loyal Customers
CUST01544,44,1,43.16,43.16,2,1,1,211,4,Hibernating
CUST01546,12,4,387.69000000000005,96.92,4,2,3,423,9,New Customers
CUST01547,39,5,360.61,72.12,3,3,3,333,9,Loyal Customers
CUST01548,68,7,480.69,68.67,2,3,4,234,9,At Risk
CUST01549,2,8,447.74,55.97,5,4,4,544,13,Champions
CUST01550,35,11,494.40999999999997,44.95,3,4,4,344,11,Loyal Customers
CUST01551,121,2,167.20999999999998,83.6,1,2,2,122,5,Hibernating
CUST01552,172,12,478.93,39.91,1,4,4,144,9,At Risk
CUST01553,1,16,940.47,58.78,5,5,5,555,15,Champions
CUST01554,36,17,760.35,44.73,3,5,4,354,12,Loyal Customers
CUST01556,20,8,571.29,71.41,4,4,4,444,12,Champions
CUST01557,16,30,2214.47,73.82,4,5,5,455,14,Champions
CUST01558,48,7,251.97,36.0,2,3,3,233,8,At Risk
CUST01559,66,9,368.83,40.98,2,4,3,243,9,At Risk
CUST01560,5,31,2247.59,72.5,5,5,5,555,15,Champions
CUST01561,281,2,45.269999999999996,22.64,1,2,1,121,4,Hibernating
CUST01562,53,4,168.28,42.07,2,2,2,222,6,Hibernating
CUST01563,108,11,592.0600000000001,53.82,1,4,4,144,9,At Risk
CUST01564,74,9,502.22,55.8,2,4,4,244,10,At Risk
CUST01565,103,13,816.59,62.81,1,4,4,144,9,At Risk
CUST01567,35,1,72.9,72.9,3,1,1,311,5,Promising
CUST01568,29,3,118.67000000000002,39.56,3,2,2,322,7,Promising
CUST01569,5,10,621.03,62.1,5,4,4,544,13,Champions
CUST01570,3,2,85.36,42.68,5,2,1,521,8,New Customers
CUST01571,2,23,2008.6699999999998,87.33,5,5,5,555,15,Champions
CUST01572,61,5,171.67,34.33,2,3,2,232,7,Others
CUST01573,11,4,258.67,64.67,4,2,3,423,9,New Customers
CUST01574,18,39,2650.6,67.96,4,5,5,455,14,Champions
CUST01575,19,1,41.86,41.86,4,1,1,411,6,New Customers
CUST01576,27,3,136.65,45.55,3,2,2,322,7,Promising
CUST01577,204,8,311.26,38.91,1,4,3,143,8,At Risk
CUST01578,11,1,23.01,23.01,4,1,1,411,6,New Customers
CUST01580,84,16,878.73,54.92,2,5,5,255,12,At Risk
CUST01582,24,5,296.95,59.39,3,3,3,333,9,Loyal Customers
CUST01583,46,19,876.12,46.11,2,5,5,255,12,At Risk
CUST01584,43,11,541.6,49.24,2,4,4,244,10,At Risk
CUST01585,3,3,186.78,62.26,5,2,2,522,9,New Customers
CUST01586,37,2,83.06,41.53,3,2,1,321,6,Promising
CUST01587,58,8,416.19,52.02,2,4,3,243,9,At Risk
CUST01589,27,1,33.89,33.89,3,1,1,311,5,Promising
CUST01590,8,4,318.16,79.54,5,2,3,523,10,New Customers
CUST01593,29,8,355.19,44.4,3,4,3,343,10,Loyal Customers
CUST01594,128,8,474.21999999999997,59.28,1,4,4,144,9,At Risk
CUST01595,42,11,701.22,63.75,3,4,4,344,11,Loyal Customers
CUST01596,12,2,100.97,50.48,4,2,1,421,7,New Customers
CUST01597,148,2,95.91,47.96,1,2,1,121,4,Hibernating
CUST01598,8,1,73.46,73.46,5,1,1,511,7,New Customers
CUST01599,38,7,415.69,59.38,3,3,3,333,9,Loyal Customers
CUST01600,164,1,55.19,55.19,1,1,1,111,3,Hibernating
CUST01601,60,13,692.98,53.31,2,4,4,244,10,At Risk
CUST01602,30,25,1466.7,58.67,3,5,5,355,13,Loyal Customers
CUST01603,70,15,932.18,62.15,2,5,5,255,12,At Risk
CUST01604,13,18,1171.0,65.06,4,5,5,455,14,Champions
CUST01605,23,7,300.23,42.89,4,3,3,433,10,Loyal Customers
CUST01606,16,8,342.88,42.86,4,4,3,443,11,Loyal Customers
CUST01607,50,2,96.91999999999999,48.46,2,2,1,221,5,Hibernating
CUST01610,118,1,77.23,77.23,1,1,1,111,3,Hibernating
CUST01611,36,10,585.59,58.56,3,4,4,344,11,Loyal Customers
CUST01612,43,6,240.25,40.04,2,3,2,232,7,Others
CUST01614,26,4,305.47,76.37,3,2,3,323,8,Others
CUST01615,63,2,167.11,83.56,2,2,2,222,6,Hibernating
CUST01616,27,1,44.08,44.08,3,1,1,311,5,Promising
CUST01617,55,12,516.96,43.08,2,4,4,244,10,At Risk
CUST01618,127,14,829.03,59.22,1,4,4,144,9,At Risk
CUST01619,28,3,135.95,45.32,3,2,2,322,7,Promising
CUST01620,13,36,2628.11,73.0,4,5,5,455,14,Champions
CUST01622,28,4,258.81,64.7,3,2,3,323,8,Others
CUST01623,36,2,155.91,77.96,3,2,2,322,7,Promising
CUST01624,137,17,870.23,51.19,1,5,5,155,11,At Risk
CUST01625,26,34,2502.5099999999998,73.6,3,5,5,355,13,Loyal Customers
CUST01626,42,10,536.1999999999999,53.62,3,4,4,344,11,Loyal Customers
CUST01627,54,17,909.0,53.47,2,5,5,255,12,At Risk
CUST01628,20,7,326.64,46.66,4,3,3,433,10,Loyal Customers
CUST01629,3,20,1387.15,69.36,5,5,5,555,15,Champions
CUST01631,342,1,16.31,16.31,1,1,1,111,3,Hibernating
CUST01632,4,11,599.3,54.48,5,4,4,544,13,Champions
CUST01634,11,29,1996.55,68.85,4,5,5,455,14,Champions
CUST01635,4,8,364.94,45.62,5,4,3,543,12,Loyal Customers
CUST01636,18,24,1870.57,77.94,4,5,5,455,14,Champions
CUST01637,23,4,150.51,37.63,4,2,2,422,8,New Customers
CUST01638,155,1,47.68,47.68,1,1,1,111,3,Hibernating
CUST01639,44,1,81.47,81.47,2,1,1,211,4,Hibernating
CUST01640,3,19,1308.79,68.88,5,5,5,555,15,Champions
CUST01641,60,10,541.83,54.18,2,4,4,244,10,At Risk
CUST01642,49,8,297.44,37.18,2,4,3,243,9,At Risk
CUST01643,37,1,63.54,63.54,3,1,1,311,5,Promising
CUST01644,35,11,559.4,50.85,3,4,4,344,11,Loyal Customers
CUST01645,200,2,103.49,51.74,1,2,1,121,4,Hibernating
CUST01646,25,9,349.26,38.81,3,4,3,343,10,Loyal Customers
CUST01647,33,5,299.24,59.85,3,3,3,333,9,Loyal Customers
CUST01648,8,5,241.24,48.25,5,3,2,532,10,Others
CUST01649,22,3,158.04000000000002,52.68,4,2,2,422,8,New Customers
CUST01650,128,1,65.48,65.48,1,1,1,111,3,Hibernating
CUST01651,1,6,436.49,72.75,5,3,4,534,12,Loyal Customers
CUST01652,49,1,51.25,51.25,2,1,1,211,4,Hibernating
CUST01653,86,1,22.95,22.95,1,1,1,111,3,Hibernating
CUST01654,208,2,216.42000000000002,108.21,1,2,2,122,5,Hibernating
CUST01655,257,3,148.68,49.56,1,2,2,122,5,Hibernating
CUST01656,30,6,365.91,60.99,3,3,3,333,9,Loyal Customers
CUST01657,47,1,39.12,39.12,2,1,1,211,4,Hibernating
CUST01658,1,1,62.84,62.84,5,1,1,511,7,New Customers
CUST01659,12,11,483.58,43.96,4,4,4,444,12,Champions
CUST01660,68,8,375.54999999999995,46.94,2,4,3,243,9,At Risk
CUST01661,36,18,1350.74,75.04,3,5,5,355,13,Loyal Customers
CUST01662,15,13,580.24,44.63,4,4,4,444,12,Champions
CUST01663,3,10,517.65,51.76,5,4,4,544,13,Champions
CUST01664,36,6,185.89000000000001,30.98,3,3,2,332,8,Needs Attention
CUST01666,41,3,163.45,54.48,3,2,2,322,7,Promising
CUST01667,77,8,324.04,40.51,2,4,3,243,9,At Risk
CUST01668,2,4,229.01,57.25,5,2,2,522,9,New Customers
CUST01669,3,7,372.36,53.19,5,3,3,533,11,Loyal Customers
CUST01670,9,1,122.68,122.68,5,1,2,512,8,New Customers
CUST01671,75,31,2397.64,77.34,2,5,5,255,12,At Risk
CUST01672,152,10,517.13,51.71,1,4,4,144,9,At Risk
CUST01673,3,14,950.34,67.88,5,4,5,545,14,Champions
CUST01674,26,8,318.21999999999997,39.78,3,4,3,343,10,Loyal Customers
CUST01675,45,11,779.7,70.88,2,4,4,244,10,At Risk
CUST01676,1,27,2128.31,78.83,5,5,5,555,15,Champions
CUST01677,27,8,557.84,69.73,3,4,4,344,11,Loyal Customers
CUST01678,206,2,80.44,40.22,1,2,1,121,4,Hibernating
CUST01679,104,6,146.66,24.44,1,3,2,132,6,Lost
CUST01680,10,27,1895.92,70.22,4,5,5,455,14,Champions
CUST01681,25,4,155.5,38.88,3,2,2,322,7,Promising
CUST01682,270,2,24.86,12.43,1,2,1,121,4,Hibernating
CUST01683,4,3,222.25,74.08,5,2,2,522,9,New Customers
CUST01684,49,1,63.42,63.42,2,1,1,211,4,Hibernating
CUST01685,81,4,249.84,62.46,2,2,3,223,7,Others
CUST01686,6,14,636.94,45.5,5,4,4,544,13,Champions
CUST01687,64,1,31.92,31.92,2,1,1,211,4,Hibernating
CUST01688,125,9,455.06,50.56,1,4,4,144,9,At Risk
CUST01689,45,7,452.59000000000003,64.66,2,3,4,234,9,At Risk
CUST01690,199,5,302.16999999999996,60.43,1,3,3,133,7,At Risk
CUST01691,53,12,512.63,42.72,2,4,4,244,10,At Risk
CUST01692,11,8,525.08,65.64,4,4,4,444,12,Champions
CUST01694,5,3,245.79,81.93,5,2,3,523,10,New Customers
CUST01695,64,6,235.5,39.25,2,3,2,232,7,Others
CUST01696,67,8,349.24,43.66,2,4,3,243,9,At Risk
CUST01697,20,13,698.8199999999999,53.76,4,4,4,444,12,Champions
CUST01698,159,1,59.63,59.63,1,1,1,111,3,Hibernating
CUST01699,2,32,2574.15,80.44,5,5,5,555,15,Champions
CUST01700,12,13,892.4399999999999,68.65,4,4,5,445,13,Champions
CUST01702,1,30,2062.87,68.76,5,5,5,555,15,Champions
CUST01703,36,15,672.13,44.81,3,5,4,354,12,Loyal Customers
CUST01704,35,1,75.88,75.88,3,1,1,311,5,Promising
CUST01706,3,8,462.99,57.87,5,4,4,544,13,Champions
CUST01709,16,4,180.59,45.15,4,2,2,422,8,New Customers
CUST01710,274,4,228.8,57.2,1,2,2,122,5,Hibernating
CUST01712,6,25,1945.92,77.84,5,5,5,555,15,Champions
CUST01714,137,11,515.97,46.91,1,4,4,144,9,At Risk
CUST01715,111,1,38.5,38.5,1,1,1,111,3,Hibernating
CUST01716,10,6,639.51,106.58,4,3,4,434,11,Loyal Customers
CUST01717,47,8,529.26,66.16,2,4,4,244,10,At Risk
CUST01718,42,3,129.12,43.04,3,2,2,322,7,Promising
CUST01719,59,10,597.14,59.71,2,4,4,244,10,At Risk
CUST01720,46,11,661.39,60.13,2,4,4,244,10,At Risk
CUST01722,34,9,688.22,76.47,3,4,4,344,11,Loyal Customers
CUST01723,435,2,84.78,42.39,1,2,1,121,4,Hibernating
CUST01724,491,1,44.52,44.52,1,1,1,111,3,Hibernating
CUST01725,33,13,617.8,47.52,3,4,4,344,11,Loyal Customers
CUST01726,4,6,296.14,49.36,5,3,3,533,11,Loyal Customers
CUST01727,20,13,772.97,59.46,4,4,4,444,12,Champions
CUST01728,27,5,220.47,44.09,3,3,2,332,8,Needs Attention
CUST01729,3,15,529.0,35.27,5,5,4,554,14,Champions
CUST01730,15,28,1615.24,57.69,4,5,5,455,14,Champions
CUST01732,47,4,254.29000000000002,63.57,2,2,3,223,7,Others
CUST01733,36,9,441.29,49.03,3,4,4,344,11,Loyal Customers
CUST01734,85,3,251.38,83.79,2,2,3,223,7,Others
CUST01735,35,13,555.57,42.74,3,4,4,344,11,Loyal Customers
CUST01736,8,2,174.60000000000002,87.3,5,2,2,522,9,New Customers
CUST01737,10,10,478.99,47.9,4,4,4,444,12,Champions
CUST01739,141,1,33.16,33.16,1,1,1,111,3,Hibernating
CUST01740,64,7,293.78000000000003,41.97,2,3,3,233,8,At Risk
CUST01742,80,5,152.92,30.58,2,3,2,232,7,Others
CUST01743,17,10,551.33,55.13,4,4,4,444,12,Champions
CUST01744,66,1,65.8,65.8,2,1,1,211,4,Hibernating
CUST01745,19,17,803.05,47.24,4,5,4,454,13,Champions
CUST01746,86,1,23.63,23.63,1,1,1,111,3,Hibernating
CUST01747,62,7,276.44,39.49,2,3,3,233,8,At Risk
CUST01749,146,9,433.88,48.21,1,4,4,144,9,At Risk
CUST01752,23,2,84.36,42.18,4,2,1,421,7,New Customers
CUST01753,19,1,165.6,165.6,4,1,2,412,7,New Customers
CUST01754,43,18,1045.18,58.07,2,5,5,255,12,At Risk
CUST01755,41,29,2568.06,88.55,3,5,5,355,13,Loyal Customers
CUST01756,283,1,40.77,40.77,1,1,1,111,3,Hibernating
CUST01757,1,11,703.51,63.96,5,4,4,544,13,Champions
CUST01758,35,4,143.06,35.76,3,2,2,322,7,Promising
CUST01759,3,4,236.16000000000003,59.04,5,2,2,522,9,New Customers
CUST01760,16,19,1248.92,65.73,4,5,5,455,14,Champions
CUST01763,39,1,128.78,128.78,3,1,2,312,6,Promising
CUST01764,9,9,422.13,46.9,5,4,4,544,13,Champions
CUST01766,68,15,732.13,48.81,2,5,4,254,11,At Risk
CUST01767,14,1,41.49,41.49,4,1,1,411,6,New Customers
CUST01768,13,14,901.04,64.36,4,4,5,445,13,Champions
CUST01769,17,4,211.71,52.93,4,2,2,422,8,New Customers
CUST01770,42,4,221.7,55.42,3,2,2,322,7,Promising
CUST01771,5,29,1715.21,59.15,5,5,5,555,15,Champions
CUST01772,371,1,32.53,32.53,1,1,1,111,3,Hibernating
CUST01773,35,7,470.97,67.28,3,3,4,334,10,Loyal Customers
CUST01774,62,2,178.07999999999998,89.04,2,2,2,222,6,Hibernating
CUST01775,8,3,146.85,48.95,5,2,2,522,9,New Customers
CUST01776,4,3,266.86,88.95,5,2,3,523,10,New Customers
CUST01777,21,7,418.17,59.74,4,3,4,434,11,Loyal Customers
CUST01778,135,2,130.98000000000002,65.49,1,2,2,122,5,Hibernating
CUST01779,149,12,625.88,52.16,1,4,4,144,9,At Risk
CUST01780,4,5,411.53,82.31,5,3,3,533,11,Loyal Customers
CUST01783,91,2,170.83,85.42,1,2,2,122,5,Hibernating
CUST01784,24,20,1471.92,73.6,3,5,5,355,13,Loyal Customers
CUST01785,70,12,688.76,57.4,2,4,4,244,10,At Risk
CUST01787,59,1,16.77,16.77,2,1,1,211,4,Hibernating
CUST01788,153,2,107.28,53.64,1,2,2,122,5,Hibernating
CUST01789,18,6,228.61,38.1,4,3,2,432,9,Others
CUST01790,53,32,2261.33,70.67,2,5,5,255,12,At Risk
CUST01791,502,1,40.52,40.52,1,1,1,111,3,Hibernating
CUST01792,110,6,297.9,49.65,1,3,3,133,7,At Risk
CUST01793,5,4,217.17000000000002,54.29,5,2,2,522,9,New Customers
CUST01794,34,34,2276.7,66.96,3,5,5,355,13,Loyal Customers
CUST01795,6,17,1287.53,75.74,5,5,5,555,15,Champions
CUST01796,5,15,943.42,62.89,5,5,5,555,15,Champions
CUST01797,26,3,88.57000000000001,29.52,3,2,1,321,6,Promising
CUST01798,305,1,57.76,57.76,1,1,1,111,3,Hibernating
CUST01799,26,15,811.24,54.08,3,5,4,354,12,Loyal Customers
CUST01800,46,13,902.1999999999999,69.4,2,4,5,245,11,At Risk
CUST01801,211,2,105.39,52.7,1,2,1,121,4,Hibernating
CUST01802,18,14,849.4,60.67,4,5,5,455,14,Champions
CUST01803,12,1,37.33,37.33,4,1,1,411,6,New Customers
CUST01804,79,1,66.75,66.75,2,1,1,211,4,Hibernating
CUST01806,54,20,988.86,49.44,2,5,5,255,12,At Risk
CUST01807,13,16,800.71,50.04,4,5,4,454,13,Champions
CUST01808,8,2,102.91,51.46,5,2,1,521,8,New Customers
CUST01809,23,6,225.87,37.65,4,3,2,432,9,Others
CUST01810,8,14,853.47,60.96,5,5,5,555,15,Champions
CUST01811,116,2,59.56,29.78,1,2,1,121,4,Hibernating
CUST01812,31,1,79.02,79.02,3,1,1,311,5,Promising
CUST01813,128,6,355.56,59.26,1,3,3,133,7,At Risk
CUST01814,12,2,97.89999999999999,48.95,4,2,1,421,7,New Customers
CUST01815,76,9,295.92,32.88,2,4,3,243,9,At Risk
CUST01816,41,6,477.07,79.51,3,3,4,334,10,Loyal Customers
CUST01817,23,6,476.13,79.36,4,3,4,434,11,Loyal Customers
CUST01818,29,20,1371.24,68.56,3,5,5,355,13,Loyal Customers
CUST01819,31,1,87.54,87.54,3,1,1,311,5,Promising
CUST01820,139,6,342.15999999999997,57.03,1,3,3,133,7,At Risk
CUST01821,6,14,712.34,50.88,5,5,4,554,14,Champions
CUST01822,3,6,390.02,65.0,5,3,3,533,11,Loyal Customers
CUST01824,13,25,1654.66,66.19,4,5,5,455,14,Champions
CUST01825,1,5,180.13,36.03,5,3,2,532,10,Others
CUST01826,8,7,385.75,55.11,5,3,3,533,11,Loyal Customers
CUST01828,15,3,172.95,57.65,4,2,2,422,8,New Customers
CUST01829,28,3,217.82999999999998,72.61,3,2,2,322,7,Promising
CUST01832,25,4,168.37,42.09,3,2,2,322,7,Promising
CUST01834,103,1,20.92,20.92,1,1,1,111,3,Hibernating
CUST01835,15,17,1213.29,71.37,4,5,5,455,14,Champions
CUST01836,20,13,1025.8,78.91,4,4,5,445,13,Champions
CUST01837,30,3,105.05,35.02,3,2,1,321,6,Promising
CUST01838,194,6,281.94,46.99,1,3,3,133,7,At Risk
CUST01839,4,2,102.74000000000001,51.37,5,2,1,521,8,New Customers
CUST01840,10,7,281.61,40.23,4,3,3,433,10,Loyal Customers
CUST01841,147,1,18.31,18.31,1,1,1,111,3,Hibernating
CUST01842,12,8,371.2,46.4,4,4,3,443,11,Loyal Customers
CUST01843,60,17,1422.3600000000001,83.67,2,5,5,255,12,At Risk
CUST01844,45,2,148.01,74.0,2,2,2,222,6,Hibernating
CUST01845,171,1,3.31,3.31,1,1,1,111,3,Hibernating
CUST01847,93,8,326.75,40.84,1,4,3,143,8,At Risk
CUST01848,2,9,487.33,54.15,5,4,4,544,13,Champions
CUST01849,1,12,479.96999999999997,40.0,5,4,4,544,13,Champions
CUST01850,2,5,378.58,75.72,5,3,3,533,11,Loyal Customers
CUST01851,28,8,379.49,47.44,3,4,3,343,10,Loyal Customers
CUST01852,7,3,64.52,21.51,5,2,1,521,8,New Customers
CUST01853,14,13,966.67,74.36,4,4,5,445,13,Champions
CUST01854,68,7,232.74,33.25,2,3,2,232,7,Others
CUST01857,18,11,619.8199999999999,56.35,4,4,4,444,12,Champions
CUST01858,36,3,121.96000000000001,40.65,3,2,2,322,7,Promising
CUST01859,35,13,744.79,57.29,3,4,4,344,11,Loyal Customers
CUST01860,2,2,105.85,52.92,5,2,1,521,8,New Customers
CUST01861,42,24,1857.84,77.41,3,5,5,355,13,Loyal Customers
CUST01862,51,5,296.95000000000005,59.39,2,3,3,233,8,At Risk
CUST01863,54,1,16.27,16.27,2,1,1,211,4,Hibernating
CUST01864,6,8,391.46000000000004,48.93,5,4,3,543,12,Loyal Customers
CUST01865,39,8,382.95,47.87,3,4,3,343,10,Loyal Customers
CUST01866,18,7,258.32,36.9,4,3,3,433,10,Loyal Customers
CUST01867,18,6,281.5,46.92,4,3,3,433,10,Loyal Customers
CUST01868,21,3,189.94,63.31,4,2,2,422,8,New Customers
CUST01869,9,2,74.86,37.43,5,2,1,521,8,New Customers
CUST01870,11,18,878.3000000000001,48.79,4,5,5,455,14,Champions
CUST01871,12,3,173.33,57.78,4,2,2,422,8,New Customers
CUST01873,33,5,133.51,26.7,3,3,2,332,8,Needs Attention
CUST01874,32,32,2081.2,65.04,3,5,5,355,13,Loyal Customers
CUST01875,2,1,85.68,85.68,5,1,1,511,7,New Customers
CUST01876,104,9,365.05,40.56,1,4,3,143,8,At Risk
CUST01877,22,16,1337.96,83.62,4,5,5,455,14,Champions
CUST01878,97,8,380.37,47.55,1,4,3,143,8,At Risk
CUST01879,3,30,2289.88,76.33,5,5,5,555,15,Champions
CUST01880,51,2,56.269999999999996,28.14,2,2,1,221,5,Hibernating
CUST01881,36,10,663.69,66.37,3,4,4,344,11,Loyal Customers
CUST01882,27,7,267.22,38.17,3,3,3,333,9,Loyal Customers
CUST01883,54,2,53.73,26.86,2,2,1,221,5,Hibernating
CUST01884,5,33,1980.4,60.01,5,5,5,555,15,Champions
CUST01885,26,13,678.15,52.17,3,4,4,344,11,Loyal Customers
CUST01886,26,5,330.74,66.15,3,3,3,333,9,Loyal Customers
CUST01887,10,33,2885.88,87.45,4,5,5,455,14,Champions
CUST01888,61,9,431.49,47.94,2,4,4,244,10,At Risk
CUST01889,25,1,36.46,36.46,3,1,1,311,5,Promising
CUST01890,31,8,768.96,96.12,3,4,4,344,11,Loyal Customers
CUST01891,98,6,272.12,45.35,1,3,3,133,7,At Risk
CUST01892,56,8,464.26,58.03,2,4,4,244,10,At Risk
CUST01893,220,8,412.73,51.59,1,4,3,143,8,At Risk
CUST01894,17,23,1523.94,66.26,4,5,5,455,14,Champions
CUST01895,30,8,380.25,47.53,3,4,3,343,10,Loyal Customers
CUST01896,50,2,50.33,25.16,2,2,1,221,5,Hibernating
CUST01897,74,13,602.08,46.31,2,4,4,244,10,At Risk
CUST01898,78,1,18.43,18.43,2,1,1,211,4,Hibernating
CUST01899,32,1,98.74,98.74,3,1,1,311,5,Promising
CUST01900,49,20,929.21,46.46,2,5,5,255,12,At Risk
CUST01901,144,13,654.99,50.38,1,4,4,144,9,At Risk
CUST01902,32,2,57.42,28.71,3,2,1,321,6,Promising
CUST01903,24,31,1887.71,60.89,3,5,5,355,13,Loyal Customers
CUST01904,31,8,305.69,38.21,3,4,3,343,10,Loyal Customers
CUST01905,11,12,725.28,60.44,4,4,4,444,12,Champions
CUST01906,15,2,130.05,65.03,4,2,2,422,8,New Customers
CUST01907,3,7,233.32,33.33,5,3,2,532,10,Others
CUST01908,68,6,294.58,49.1,2,3,3,233,8,At Risk
CUST01910,94,1,82.74,82.74,1,1,1,111,3,Hibernating
CUST01911,352,1,95.96,95.96,1,1,1,111,3,Hibernating
CUST01912,222,2,145.23,72.61,1,2,2,122,5,Hibernating
CUST01913,2,9,724.0799999999999,80.45,5,4,4,544,13,Champions
CUST01914,32,13,711.85,54.76,3,4,4,344,11,Loyal Customers
CUST01915,59,18,901.03,50.06,2,5,5,255,12,At Risk
CUST01916,20,6,225.43,37.57,4,3,2,432,9,Others
CUST01917,106,3,112.53,37.51,1,2,2,122,5,Hibernating
CUST01919,60,7,352.88,50.41,2,3,3,233,8,At Risk
CUST01920,53,12,1144.32,95.36,2,4,5,245,11,At Risk
CUST01921,75,5,145.4,29.08,2,3,2,232,7,Others
CUST01923,94,3,200.25,66.75,1,2,2,122,5,Hibernating
CUST01924,1,9,428.64,47.63,5,4,4,544,13,Champions
CUST01925,174,1,81.26,81.26,1,1,1,111,3,Hibernating
CUST01926,27,21,1358.71,64.7,3,5,5,355,13,Loyal Customers
CUST01927,13,1,53.58,53.58,4,1,1,411,6,New Customers
CUST01928,22,11,666.07,60.55,4,4,4,444,12,Champions
CUST01929,83,7,256.75,36.68,2,3,3,233,8,At Risk
CUST01930,28,8,401.91,50.24,3,4,3,343,10,Loyal Customers
CUST01931,30,14,888.86,63.49,3,5,5,355,13,Loyal Customers
CUST01932,105,3,148.78,49.59,1,2,2,122,5,Hibernating
CUST01933,203,2,136.3,68.15,1,2,2,122,5,Hibernating
CUST01934,105,9,390.86,43.43,1,4,3,143,8,At Risk
CUST01935,119,7,304.27,43.47,1,3,3,133,7,At Risk
CUST01936,1,8,374.75,46.84,5,4,3,543,12,Loyal Customers
CUST01937,24,25,1737.12,69.48,3,5,5,355,13,Loyal Customers
CUST01938,71,17,825.02,48.53,2,5,4,254,11,At Risk
CUST01939,13,12,751.96,62.66,4,4,4,444,12,Champions
CUST01940,135,2,71.96000000000001,35.98,1,2,1,121,4,Hibernating
CUST01941,9,29,2022.55,69.74,5,5,5,555,15,Champions
CUST01942,6,5,284.17,56.83,5,3,3,533,11,Loyal Customers
CUST01945,33,6,340.38,56.73,3,3,3,333,9,Loyal Customers
CUST01946,105,10,844.3,84.43,1,4,5,145,10,At Risk
CUST01949,13,14,1014.0,72.43,4,5,5,455,14,Champions
CUST01950,17,10,566.54,56.65,4,4,4,444,12,Champions
CUST01951,77,16,860.92,53.81,2,5,5,255,12,At Risk
CUST01952,27,3,79.27,26.42,3,2,1,321,6,Promising
CUST01953,17,3,218.22000000000003,72.74,4,2,2,422,8,New Customers
CUST01954,34,1,38.19,38.19,3,1,1,311,5,Promising
CUST01955,40,7,321.63,45.95,3,3,3,333,9,Loyal Customers
CUST01956,48,4,125.09,31.27,2,2,2,222,6,Hibernating
CUST01957,13,7,516.04,73.72,4,3,4,434,11,Loyal Customers
CUST01958,28,1,34.05,34.05,3,1,1,311,5,Promising
CUST01959,12,1,55.98,55.98,4,1,1,411,6,New Customers
CUST01960,19,2,64.77,32.38,4,2,1,421,7,New Customers
CUST01961,4,3,80.5,26.83,5,2,1,521,8,New Customers
CUST01962,6,8,554.38,69.3,5,4,4,544,13,Champions
CUST01963,66,15,908.5600000000001,60.57,2,5,5,255,12,At Risk
CUST01964,67,19,1196.71,62.98,2,5,5,255,12,At Risk
CUST01965,395,1,8.82,8.82,1,1,1,111,3,Hibernating
CUST01966,4,3,171.82,57.27,5,2,2,522,9,New Customers
CUST01967,166,3,183.67,61.22,1,2,2,122,5,Hibernating
CUST01968,20,25,2086.75,83.47,4,5,5,455,14,Champions
CUST01969,8,11,634.5699999999999,57.69,5,4,4,544,13,Champions
CUST01971,12,1,82.44,82.44,4,1,1,411,6,New Customers
CUST01972,77,6,310.25,51.71,2,3,3,233,8,At Risk
CUST01973,134,9,324.85,36.09,1,4,3,143,8,At Risk
CUST01974,9,2,184.89,92.44,5,2,2,522,9,New Customers
CUST01975,14,19,1216.64,64.03,4,5,5,455,14,Champions
CUST01976,477,2,76.84,38.42,1,2,1,121,4,Hibernating
CUST01977,6,4,109.7,27.42,5,2,2,522,9,New Customers
CUST01978,21,8,356.40999999999997,44.55,4,4,3,443,11,Loyal Customers
CUST01983,153,9,361.59999999999997,40.18,1,4,3,143,8,At Risk
CUST01984,33,8,430.15999999999997,53.77,3,4,4,344,11,Loyal Customers
CUST01985,54,9,408.90000000000003,45.43,2,4,3,243,9,At Risk
CUST01986,8,2,176.45,88.22,5,2,2,522,9,New Customers
CUST01987,30,3,174.95999999999998,58.32,3,2,2,322,7,Promising
CUST01988,30,17,1010.1800000000001,59.42,3,5,5,355,13,Loyal Customers
CUST01990,22,6,439.12,73.19,4,3,4,434,11,Loyal Customers
CUST01991,13,21,1036.27,49.35,4,5,5,455,14,Champions
CUST01992,21,11,743.61,67.6,4,4,4,444,12,Champions
CUST01994,26,8,478.66,59.83,3,4,4,344,11,Loyal Customers
CUST01997,8,1,34.68,34.68,5,1,1,511,7,New Customers
CUST01998,43,12,681.46,56.79,2,4,4,244,10,At Risk
CUST01999,9,3,341.88,113.96,5,2,3,523,10,New Customers
CUST02000,37,2,97.0,48.5,3,2,1,321,6,Promising
